Job ID,Job URL,Job Title,Company Name,Status,Timestamp,WP ID
2af745e4dfad129d,https://td.linkedin.com/jobs/view/assistant-e-logistique-et-approvisionnements-n-djamena-at-danish-refugee-council-dansk-flygtningehj%C3%A6lp-4435430603,Assistant(e) Logistique et Approvisionnements / N'Djamena,,scraped,2026-07-07T02:03:39.711777,
7a1933a7fab9c392,https://td.linkedin.com/jobs/view/assistante-de-direction-at-sos-children-s-villages-international-4436240807,Assistante de Direction,SOS Children's Villages International,posted,2026-07-07T02:04:01.234134,21
739e89c9e97332d6,https://td.linkedin.com/jobs/view/%E6%80%BB%E7%BB%8F%E5%8A%9E%E4%B8%BB%E4%BB%BB-at-wanfeng-auto-holding-group-co-ltd-4435054404,总经办主任,Wanfeng Auto Holding Group Co. Ltd,failed|wp_post_failed,2026-07-07T02:04:10.611339,
55118f186ea8fc82,https://td.linkedin.com/jobs/view/program-manager-2025785-at-world-relief-4433116345,Program Manager - 2025785,,scraped,2026-07-07T02:04:13.199331,
952597fa85a10df9,https://td.linkedin.com/jobs/view/head-of-programme-at-danish-refugee-council-dansk-flygtningehj%C3%A6lp-4435275324,Head of Programme,,scraped,2026-07-07T02:04:43.578341,
39c53f05502a2bd1,https://td.linkedin.com/jobs/view/%E6%8F%90%E6%A1%88%E5%96%B6%E6%A5%AD%E3%80%90%E9%96%A2%E8%A5%BF%E6%94%AF%E7%A4%BE%E3%80%91-at-%E6%A0%AA%E5%BC%8F%E4%BC%9A%E7%A4%BE%E3%83%93%E3%83%87%E3%82%AA%E3%83%AA%E3%82%B5%E3%83%BC%E3%83%81-4436994249,提案営業【関西支社】,,scraped,2026-07-07T02:04:50.073601,
88b957327db0b7c1,https://td.linkedin.com/jobs/view/resilience-project-forester-at-forestry-commission-4434610798,Resilience Project Forester,,scraped,2026-07-07T02:04:56.975188,
473c258380521d2e,https://td.linkedin.com/jobs/view/stage-en-logistique-at-danish-refugee-council-dansk-flygtningehj%C3%A6lp-4435822905,Stage en Logistique,,scraped,2026-07-07T02:05:04.450315,
4391ef6e3b4fc690,https://td.linkedin.com/jobs/view/finance-manager-at-olam-agri-4436064926,Finance Manager,,scraped,2026-07-07T02:05:11.077845,
478972c1b5ae89db,https://td.linkedin.com/jobs/view/bli-v%C3%A5r-nya-avdelningschef-myndighet%21-at-uppsala-slottshistoriska-4436757026,Bli vår nya Avdelningschef - myndighet!,Uppsala Slottshistoriska,posted,2026-07-07T02:05:35.713124,22
0bbbb4037c1f43d8,https://td.linkedin.com/jobs/view/barman-femme-bruxelles-38h-studentjob-be-at-jobster-4435205222,Barman/femme - Bruxelles - 38h - Studentjob.be,,scraped,2026-07-07T02:05:38.274254,
da7576139f857d8f,https://td.linkedin.com/jobs/view/recruiter-westrozebeke-vast-contract-studentjob-be-at-jobster-4435081696,Recruiter | Westrozebeke | Vast Contract - Studentjob.be,,scraped,2026-07-07T02:05:45.520866,
ef37bbff74c309cf,https://td.linkedin.com/jobs/view/word-crisp-s-bezorger-studentjob-be-at-jobster-4435212117,Word Crisp's Bezorger - Studentjob.be,,scraped,2026-07-07T02:05:52.525800,
f60f740ad110fdf2,https://td.linkedin.com/jobs/view/customer-service-houthulst-vast-contract-studentjob-be-at-jobster-4435094898,Customer Service | Houthulst | Vast Contract - Studentjob.be,,scraped,2026-07-07T02:05:59.265176,
a8b90769bf324192,https://td.linkedin.com/jobs/view/junior-business-controller-studentjob-be-at-jobster-4435078952,Junior Business Controller - Studentjob.be,,scraped,2026-07-07T02:06:06.220298,
b45621745d4233a2,https://td.linkedin.com/jobs/view/sales-support-lokeren-vast-contract-studentjob-be-at-jobster-4435200038,Sales Support | Lokeren | Vast Contract - Studentjob.be,,scraped,2026-07-07T02:06:13.021032,
05fee1a3e513ee46,https://td.linkedin.com/jobs/view/deliveroo-rider-studentjob-be-at-jobster-4436040609,Deliveroo Rider - Studentjob.be,,scraped,2026-07-07T02:06:19.742615,
86859db7c4efed17,https://td.linkedin.com/jobs/view/customer-service-supply-chain-aalter-vast-contract-studentjob-be-at-jobster-4435093038,Customer Service & Supply Chain | Aalter | Vast contract - Studentjob.be,,scraped,2026-07-07T02:06:26.421822,
bbd2aeed9298c6ca,https://td.linkedin.com/jobs/view/flexibele-receptionist-nationaal-voltijds-studentjob-be-at-jobster-4435095740,Flexibele Receptionist Nationaal / Voltijds - Studentjob.be,,scraped,2026-07-07T02:06:33.272697,
51a472f9021828c2,https://td.linkedin.com/jobs/view/customer-service-representative-travel-europe-hoogstraten-permanent-contract-studentjob-be-at-jobster-4435083494,Customer Service Representative Travel Europe | Hoogstraten | Permanent Contract - Studentjob.be,,scraped,2026-07-07T02:06:39.948459,
d1240972cd0716fb,https://td.linkedin.com/jobs/view/sales-promotor-retail-m-v-x-studentjob-be-at-jobster-4435207084,Sales Promotor Retail M/V/X - Studentjob.be,,scraped,2026-07-07T02:06:46.738296,
515fccdffd9f9d68,https://td.linkedin.com/jobs/view/comptable-junior-cdi-studentjob-be-at-jobster-4435089179,Comptable Junior | CDI - Studentjob.be,,scraped,2026-07-07T02:07:57.626570,
0720a1d8640e0b6d,https://td.linkedin.com/jobs/view/sales-promotor-retail-m-v-x-studentjob-be-at-jobster-4435781811,Sales Promotor Retail M/V/X - Studentjob.be,,scraped,2026-07-07T02:09:08.099816,
73f5019f9bd78cd9,https://td.linkedin.com/jobs/view/productiemedewerker-waterschotten-studentjob-be-at-jobster-4435081604,Productiemedewerker waterschotten - Studentjob.be,,scraped,2026-07-07T02:09:15.288720,
845e46d33af74413,https://td.linkedin.com/jobs/view/operations-support-officer-studentjob-be-at-jobster-4435092786,Operations Support Officer - Studentjob.be,,scraped,2026-07-07T02:09:22.115966,
fbfe2d5685fe0a51,https://td.linkedin.com/jobs/view/field-service-engineer-allround-belgi%C3%AB-internationaal-studentjob-be-at-jobster-4435211031,Field Service Engineer Allround (België Internationaal) - Studentjob.be,,scraped,2026-07-07T02:09:28.889878,
158101cb1c23e538,https://td.linkedin.com/jobs/view/junior-projectopvolger-studentjob-be-at-jobster-4435096697,(Junior) Projectopvolger - Studentjob.be,,scraped,2026-07-07T02:09:35.697760,
87962e5b544cc53e,https://td.linkedin.com/jobs/view/technical-support-engineer-studentjob-be-at-jobster-4435097080,Technical Support Engineer - Studentjob.be,,scraped,2026-07-07T02:09:42.771522,
790f4ce094410100,https://td.linkedin.com/jobs/view/productiemedewerker-waterschotten-studentjob-be-at-jobster-4435797153,Productiemedewerker waterschotten - Studentjob.be,,scraped,2026-07-07T02:10:57.802345,
b42cb2332dff38f3,https://td.linkedin.com/jobs/view/junior-accountant-studentjob-be-at-jobster-4435206118,Junior Accountant - Studentjob.be,,scraped,2026-07-07T02:12:11.958477,
745a2802b8fe328a,https://td.linkedin.com/jobs/view/verkoper-studentjob-be-at-jobster-4435202409,Verkoper - Studentjob.be,,scraped,2026-07-07T02:12:18.744897,
9e2b31cecb0ff4ae,https://td.linkedin.com/jobs/view/comptable-junior-d%C3%A9veloppement-avec-chef-comptable-studentjob-be-at-jobster-4435096078,Comptable Junior Développement avec chef comptable - Studentjob.be,,scraped,2026-07-07T02:13:29.493696,
8ecd435018ed305b,https://td.linkedin.com/jobs/view/customer-support-sales-wemmel-vast-contract-studentjob-be-at-jobster-4435200634,Customer Support Sales | Wemmel | Vast Contract - Studentjob.be,,scraped,2026-07-07T02:13:36.564477,
bad0861fd1af972b,https://td.linkedin.com/jobs/view/randstad-digital-it-support-medewerker-studentjob-be-at-jobster-4435086941,Randstad Digital - IT Support Medewerker - Studentjob.be,,scraped,2026-07-07T02:13:43.432894,
20db238d7bd01eb4,https://td.linkedin.com/jobs/view/junior-jurist-e-institutioneel-analist-e-v-m-x-studentjob-be-at-jobster-4435088224,Junior Jurist(e) - Institutioneel analist(e) (V/M/X) - Studentjob.be,,scraped,2026-07-07T02:13:50.203060,
4886adbbe3e7551e,https://td.linkedin.com/jobs/view/verkoper-studentjob-be-at-jobster-4435793372,Verkoper - Studentjob.be,,scraped,2026-07-07T02:13:56.929767,
31ee5ea839743bd2,https://td.linkedin.com/jobs/view/internal-technical-support-studentjob-be-at-jobster-4435082460,Internal Technical Support - Studentjob.be,,scraped,2026-07-07T02:14:03.684441,
2b5cb533dc78961f,https://td.linkedin.com/jobs/view/office-sales-administrative-assistant-maldegem-vast-contract-studentjob-be-at-jobster-4435084545,"Office, Sales & Administrative Assistant | Maldegem | vast contract - Studentjob.be",,scraped,2026-07-07T02:14:10.498373,
7bdf1e8940ac60f7,https://td.linkedin.com/jobs/view/junior-beleggingsadviseur-studentjob-be-at-jobster-4435093718,Junior Beleggingsadviseur - Studentjob.be,,scraped,2026-07-07T02:14:17.360372,
1c2724849d7db2c1,https://td.linkedin.com/jobs/view/interne-veranwoordelijke-schade-en-administratie-studentjob-be-at-jobster-4435099585,Interne veranwoordelijke schade en administratie - Studentjob.be,,scraped,2026-07-07T02:14:24.192030,
df32a3f00b1e4702,https://td.linkedin.com/jobs/view/talencia-consulting-erp-support-dynamics-365-business-central-studentjob-be-at-jobster-4435094922,Talencia Consulting - ERP Support (Dynamics 365 / Business Central) - Studentjob.be,,scraped,2026-07-07T02:14:30.907140,
eede3933ff85fdcc,https://td.linkedin.com/jobs/view/young-graduate-proces-and-project-engineer-studentjob-be-at-jobster-4435202491,Young Graduate Proces and Project Engineer - Studentjob.be,,scraped,2026-07-07T02:14:40.877315,
cee7b30b575fff94,https://td.linkedin.com/jobs/view/internal-sales-medewerker-studentjob-be-at-jobster-4435203469,Internal Sales Medewerker - Studentjob.be,,scraped,2026-07-07T02:14:48.038999,
a0c033e772e23444,https://td.linkedin.com/jobs/view/productiemedewerker-verzekeringen-studentjob-be-at-jobster-4435097536,Productiemedewerker verzekeringen - Studentjob.be,,scraped,2026-07-07T02:14:54.924410,
9d4b97c41a76877d,https://td.linkedin.com/jobs/view/junior-sales-engineer-mechanica-studentjob-be-at-jobster-4435775949,(Junior) Sales Engineer | mechanica - Studentjob.be,,scraped,2026-07-07T02:15:01.708569,
8c214055f27f02e3,https://td.linkedin.com/jobs/view/junior-sales-engineer-mechanica-studentjob-be-at-jobster-4435096723,(Junior) Sales Engineer | mechanica - Studentjob.be,,scraped,2026-07-07T02:16:12.559588,
ded6fd13af610f36,https://td.linkedin.com/jobs/view/junior-legal-counsel-social-law-nl-brussels-studentjob-be-at-jobster-4435077957,Junior Legal Counsel - Social Law (NL) - Brussels - Studentjob.be,,scraped,2026-07-07T02:17:25.757734,
ddc18e54640c2ba6,https://td.linkedin.com/jobs/view/job-d-%C3%A9t%C3%A9-employ%C3%A9-agricole-studentjob-be-at-jobster-4435080623,Job d'été - employé agricole - Studentjob.be,,scraped,2026-07-07T02:18:37.995187,
58fba909a0be0fef,https://td.linkedin.com/jobs/view/winkelmedewerker-eke-studentjob-be-at-jobster-4435088263,Winkelmedewerker Eke - Studentjob.be,,scraped,2026-07-07T02:18:45.161190,
2a8cc36bd125b220,https://td.linkedin.com/jobs/view/talencia-consulting-erp-support-dynamics-365-business-central-studentjob-be-at-jobster-4435202587,Talencia Consulting - ERP Support (Dynamics 365 / Business Central) - Studentjob.be,,scraped,2026-07-07T02:18:51.911433,
5372adcf85f4447a,https://td.linkedin.com/jobs/view/actuaris-stage-integrated-risk-studentjob-be-at-jobster-4435701440,Actuaris Stage - Integrated Risk - Studentjob.be,,scraped,2026-07-07T02:18:58.611684,
3cc75b516e3d1c33,https://td.linkedin.com/jobs/view/productiemedewerker-verzekeringen-studentjob-be-at-jobster-4435094750,Productiemedewerker verzekeringen - Studentjob.be,,scraped,2026-07-07T02:19:05.333496,
161bbde3174d77ae,https://td.linkedin.com/jobs/view/winkelmedewerker-lede-studentjob-be-at-jobster-4435788325,Winkelmedewerker Lede - Studentjob.be,,scraped,2026-07-07T02:19:11.950483,
0491a9f9835f4389,https://td.linkedin.com/jobs/view/winkelmedewerker-lede-studentjob-be-at-jobster-4435086488,Winkelmedewerker Lede - Studentjob.be,,scraped,2026-07-07T02:19:18.840950,
b9ba934d4be4ec0f,https://td.linkedin.com/jobs/view/customer-support-administratief-commercieel-bediende-vast-contract-studentjob-be-at-jobster-4435087370,Customer support | administratief commercieel bediende | vast contract - Studentjob.be,,scraped,2026-07-07T02:19:25.692329,
e091a317f042369b,https://td.linkedin.com/jobs/view/winkelmedewerker-erpe-mere-studentjob-be-at-jobster-4436002005,Winkelmedewerker Erpe-Mere - Studentjob.be,,scraped,2026-07-07T02:20:39.658935,
6d84f9e26d4e34b6,https://td.linkedin.com/jobs/view/administratief-medewerker-m-v-x-studentjob-be-at-jobster-4435087312,Administratief Medewerker (m/v/x) - Studentjob.be,,scraped,2026-07-07T02:20:46.746619,
a95c548c881c1ccd,https://td.linkedin.com/jobs/view/medewerker-onthaal-finance-support-wemmel-vast-contract-studentjob-be-at-jobster-4435082981,Medewerker Onthaal & Finance Support | Wemmel | Vast Contract - Studentjob.be,,scraped,2026-07-07T02:20:53.660180,
696128ab1e323da7,https://td.linkedin.com/jobs/view/administratief-medewerker-verzekeringen-studentjob-be-at-jobster-4435077877,Administratief Medewerker Verzekeringen - Studentjob.be,,scraped,2026-07-07T02:22:07.138481,
65f2a59d77f34118,https://td.linkedin.com/jobs/view/sales-promotor-retail-m-v-x-studentjob-be-at-jobster-4435082542,Sales Promotor Retail M/V/X - Studentjob.be,,scraped,2026-07-07T02:22:14.186816,
a8834df9f7da82e9,https://td.linkedin.com/jobs/view/krijg-betaald-voor-het-testen-van-apps-games-enqu%C3%AAtes-studentjob-be-at-jobster-4435208033,"Krijg betaald voor het testen van apps, games & enquêtes - Studentjob.be",,scraped,2026-07-07T02:22:20.863391,
ee8bc5ecf141f02a,https://td.linkedin.com/jobs/view/administratief-medewerker-planning-co%C3%B6rdinatie-genk-vast-contract-studentjob-be-at-jobster-4435208085,Administratief Medewerker Planning & Coördinatie | Genk | Vast contract - Studentjob.be,,scraped,2026-07-07T02:22:27.603039,
e6c5f72ce4e19539,https://td.linkedin.com/jobs/view/internal-sales-duits-kortemark-vast-contract-studentjob-be-at-jobster-4435081792,Internal Sales Duits | Kortemark | Vast Contract - Studentjob.be,,scraped,2026-07-07T02:22:34.339481,
d48e7ed1addcb711,https://td.linkedin.com/jobs/view/maaltijdbezorger-studentjob-be-at-jobster-4436037621,Maaltijdbezorger - Studentjob.be,,scraped,2026-07-07T02:22:41.017091,
14de0dc079382583,https://td.linkedin.com/jobs/view/barman-vrouw-brussel-38u-studentjob-be-at-jobster-4435209194,Barman/vrouw - Brussel - 38u - Studentjob.be,,scraped,2026-07-07T02:22:47.838812,
1005db29b5d34f0c,https://td.linkedin.com/jobs/view/maaltijdbezorger-studentjob-be-at-jobster-4435207075,Maaltijdbezorger - Studentjob.be,,scraped,2026-07-07T02:22:54.530658,
63182862d6f52a58,https://td.linkedin.com/jobs/view/maaltijdbezorger-studentjob-be-at-jobster-4435202415,Maaltijdbezorger - Studentjob.be,,scraped,2026-07-07T02:23:01.344108,
247d3ab5100e53fc,https://td.linkedin.com/jobs/view/een-sales-promotor-horeca-m-v-x-italiaanse-voeding-studentjob-be-at-jobster-4435095688,Een Sales promotor Horeca M/V/X ITALIAANSE VOEDING - Studentjob.be,,scraped,2026-07-07T02:23:08.567846,
33f6f2346bdec076,https://td.linkedin.com/jobs/view/een-sales-promotor-horeca-m-v-x-italiaanse-voeding-studentjob-be-at-jobster-4435098070,Een Sales promotor Horeca M/V/X ITALIAANSE VOEDING - Studentjob.be,,scraped,2026-07-07T02:23:15.673978,
bcf7d5fb0adefcbe,https://td.linkedin.com/jobs/view/een-sales-promotor-horeca-m-v-x-italiaanse-voeding-studentjob-be-at-jobster-4435786566,Een Sales promotor Horeca M/V/X ITALIAANSE VOEDING - Studentjob.be,,scraped,2026-07-07T02:24:29.707623,
626c6da1e24c4ae7,https://td.linkedin.com/jobs/view/deliveroo-delivery-rider-p2p-or-self-employed-studentjob-be-at-jobster-4436035762,Deliveroo Delivery Rider (P2P or Self-Employed) - Studentjob.be,,scraped,2026-07-07T02:24:36.930252,
603e83502292e86d,https://td.linkedin.com/jobs/view/%E6%93%8D%E4%BD%9C%E5%B7%A5%EF%BC%88%E5%A5%B6%E7%B2%89%EF%BC%89-j15868-at-beingmate-4436524817,操作工（奶粉）(J15868),,scraped,2026-07-07T12:21:38.309618,
bbe0e193b8180ae0,https://td.linkedin.com/jobs/view/junior-auditor-studentjob-be-at-jobster-4436558995,Junior Auditor - Studentjob.be,Jobster,posted,2026-07-07T12:22:39.448919,24
687c465ad264f3c5,https://td.linkedin.com/jobs/view/junior-planner-zeebrugge-vast-contract-studentjob-be-at-jobster-4436565689,(Junior) Planner | Zeebrugge | Vast Contract - Studentjob.be,Jobster,posted,2026-07-07T12:23:21.742247,26
511e5c45a88bb163,https://td.linkedin.com/jobs/view/auxiliaire-petite-enfance-h-f-at-babilou-4437185732,Auxiliaire Petite Enfance H/F,,scraped,2026-07-07T12:23:24.291542,
b30f109182178174,https://td.linkedin.com/jobs/view/pharmacist-at-siemens-healthineers-4414707813,Pharmacist,,scraped,2026-07-07T12:23:33.181280,
546beee3725c0564,https://td.linkedin.com/jobs/view/administrative-officer-at-career-international-%E7%A7%91%E9%94%90%E5%9B%BD%E9%99%85-4434500994,Administrative Officer,科锐国际,posted,2026-07-07T12:24:26.145259,28
e45b24fe1ebc5931,https://td.linkedin.com/jobs/view/meal-assistant-manager-at-international-rescue-committee-4435801920,MEAL Assistant Manager,International Rescue Committee,posted,2026-07-07T12:24:36.028980,30
0dd6dca3b26b2bf6,https://td.linkedin.com/jobs/view/%E3%80%90%E3%82%A8%E3%83%AA%E3%82%A2%E5%85%B1%E9%80%9A%E3%80%91%E3%82%AA%E3%83%BC%E3%83%97%E3%83%B3%E3%83%9D%E3%82%B8%E3%82%B7%E3%83%A7%E3%83%B3%EF%BC%88%E6%8A%80%E8%A1%93%E9%83%A8%E9%96%80%EF%BC%89-at-%EF%BD%81%EF%BD%92%E3%82%A2%E3%83%89%E3%83%90%E3%83%B3%E3%82%B9%E3%83%88%E3%83%86%E3%82%AF%E3%83%8E%E3%83%AD%E3%82%B8%E6%A0%AA%E5%BC%8F%E4%BC%9A%E7%A4%BE-4437762511,【エリア共通】オープンポジション（技術部門）,,scraped,2026-07-07T12:24:38.612200,
30bcc95fc6198ab2,https://td.linkedin.com/jobs/view/delivery-driver-studentjob-be-at-jobster-4436575766,Delivery Driver - Studentjob.be,Jobster,posted,2026-07-07T12:25:29.391598,32
6316aa1aff7c99e0,https://td.linkedin.com/jobs/view/delivery-driver-studentjob-be-at-jobster-4436563977,Delivery Driver - Studentjob.be,Jobster,scraped,2026-07-07T12:26:10.919558,
3ccae267f1b6bc70,https://td.linkedin.com/jobs/view/food-delivery-driver-studentjob-be-at-jobster-4436577485,Food Delivery Driver - Studentjob.be,Jobster,posted,2026-07-07T12:27:00.193864,34
1f19799c627b2c5a,https://td.linkedin.com/jobs/view/barman-femme-bruxelles-38h-studentjob-be-at-jobster-4436577709,Barman/femme - Bruxelles - 38h - Studentjob.be,Jobster,posted,2026-07-07T12:27:46.900105,36
5579ae4a0a8ecf0e,https://td.linkedin.com/jobs/view/recruiter-westrozebeke-vast-contract-studentjob-be-at-jobster-4436592421,Recruiter | Westrozebeke | Vast Contract - Studentjob.be,Jobster,posted,2026-07-07T12:28:27.161539,38
06bbf1609e93f86d,https://td.linkedin.com/jobs/view/word-crisp-s-bezorger-studentjob-be-at-jobster-4436567586,Word Crisp's Bezorger - Studentjob.be,Jobster,posted,2026-07-07T12:29:13.699120,40
8def0be8252a4feb,https://td.linkedin.com/jobs/view/customer-service-houthulst-vast-contract-studentjob-be-at-jobster-4436578693,Customer Service | Houthulst | Vast Contract - Studentjob.be,Jobster,posted,2026-07-07T12:29:53.980179,42
1729942a746cde6b,https://td.linkedin.com/jobs/view/junior-business-controller-studentjob-be-at-jobster-4436595408,Junior Business Controller - Studentjob.be,Jobster,posted,2026-07-07T12:30:35.798105,44
37c16aa4a3dea508,https://td.linkedin.com/jobs/view/sales-support-lokeren-vast-contract-studentjob-be-at-jobster-4436561874,Sales Support | Lokeren | Vast Contract - Studentjob.be,Jobster,posted,2026-07-07T12:31:12.562332,46
46d403a545213cdd,https://td.linkedin.com/jobs/view/deliveroo-rider-studentjob-be-at-jobster-4436587197,Deliveroo Rider - Studentjob.be,Jobster,posted,2026-07-07T12:32:02.076368,48
1e0bdf57bb747070,https://td.linkedin.com/jobs/view/internal-technical-support-studentjob-be-at-jobster-4436595395,Internal Technical Support - Studentjob.be,Jobster,posted,2026-07-07T12:32:43.910244,50
8035878c1e9ce409,https://td.linkedin.com/jobs/view/deliveroo-delivery-rider-p2p-or-self-employed-studentjob-be-at-jobster-4436584611,Deliveroo Delivery Rider (P2P or Self-Employed) - Studentjob.be,Jobster,posted,2026-07-07T12:33:30.481789,52
e3e517c24d60ad65,https://td.linkedin.com/jobs/view/junior-accountant-studentjob-be-at-jobster-4436581711,Junior Accountant - Studentjob.be,Jobster,posted,2026-07-07T12:34:18.864562,54
8602bc96112bc199,https://td.linkedin.com/jobs/view/deliveroo-delivery-rider-p2p-or-self-employed-studentjob-be-at-jobster-4436571596,Deliveroo Delivery Rider (P2P or Self-Employed) - Studentjob.be,Jobster,scraped,2026-07-07T12:34:59.792716,
e9390d60b8e79adf,https://td.linkedin.com/jobs/view/operations-support-officer-studentjob-be-at-jobster-4436598083,Operations Support Officer - Studentjob.be,Jobster,posted,2026-07-07T12:35:47.088314,56
46a694f7121bcc2b,https://td.linkedin.com/jobs/view/operations-support-officer-studentjob-be-at-jobster-4436599060,Operations Support Officer - Studentjob.be,Jobster,scraped,2026-07-07T12:36:28.213554,
d6f7265bff6d7c59,https://td.linkedin.com/jobs/view/junior-statisticus-econoom-v-m-x-studentjob-be-at-jobster-4436580245,Junior Statisticus-Econoom (V/M/X) - Studentjob.be,Jobster,posted,2026-07-07T12:37:15.200849,58
74ade3410d641d1c,https://td.linkedin.com/jobs/view/support-engineer-studentjob-be-at-jobster-4436556590,Support Engineer - Studentjob.be,Jobster,posted,2026-07-07T12:38:01.809399,60
b4709189bbe58298,https://td.linkedin.com/jobs/view/deliveroo-delivery-rider-p2p-or-self-employed-studentjob-be-at-jobster-4436584006,Deliveroo Delivery Rider (P2P or Self-Employed) - Studentjob.be,Jobster,scraped,2026-07-07T12:38:42.688596,
eb29e1eda86eaddc,https://td.linkedin.com/jobs/view/deliveroo-delivery-rider-p2p-or-self-employed-studentjob-be-at-jobster-4436581039,Deliveroo Delivery Rider (P2P or Self-Employed) - Studentjob.be,Jobster,scraped,2026-07-07T12:39:23.735091,
36c864de2310aa5c,https://td.linkedin.com/jobs/view/deliveroo-bezorger-studentjob-be-at-jobster-4436556555,Deliveroo Bezorger - Studentjob.be,Jobster,posted,2026-07-07T12:40:14.957917,62
0675e3db1154a954,https://td.linkedin.com/jobs/view/deliveroo-bezorger-studentjob-be-at-jobster-4436550995,Deliveroo Bezorger - Studentjob.be,Jobster,scraped,2026-07-07T12:40:55.919315,
823dfd35b33d92f8,https://td.linkedin.com/jobs/view/junior-statisticus-econoom-v-m-x-studentjob-be-at-jobster-4436579628,Junior Statisticus-Econoom (V/M/X) - Studentjob.be,Jobster,scraped,2026-07-07T12:41:37.024488,
c9d371fdc5786f23,https://td.linkedin.com/jobs/view/technical-support-engineer-studentjob-be-at-jobster-4436577664,Technical Support Engineer - Studentjob.be,Jobster,posted,2026-07-07T12:42:24.502188,64
bfb4d8fec3d6496e,https://td.linkedin.com/jobs/view/randstad-digital-onsite-support-engineer-mac-windows-studentjob-be-at-jobster-4436586765,Randstad Digital - Onsite Support Engineer (Mac & Windows) - Studentjob.be,Jobster,posted,2026-07-07T12:43:10.035140,66
4c4bee1e536730be,https://td.linkedin.com/jobs/view/talencia-consulting-erp-support-dynamics-365-business-central-studentjob-be-at-jobster-4436586630,Talencia Consulting - ERP Support (Dynamics 365 / Business Central) - Studentjob.be,Jobster,posted,2026-07-07T12:43:56.353413,68
4a4affd01b26d36d,https://td.linkedin.com/jobs/view/talencia-consulting-erp-support-dynamics-365-business-central-studentjob-be-at-jobster-4436586024,Talencia Consulting - ERP Support (Dynamics 365 / Business Central) - Studentjob.be,Jobster,scraped,2026-07-07T12:44:37.393058,
182484335530adc5,https://td.linkedin.com/jobs/view/marketing-sales-assistant-studentjob-be-at-jobster-4436584201,Marketing & Sales Assistant - Studentjob.be,Jobster,posted,2026-07-07T12:45:24.449096,70
981aa480e25591e3,https://td.linkedin.com/jobs/view/deliveroo-bezorger-studentjob-be-at-jobster-4436574640,Deliveroo Bezorger - Studentjob.be,Jobster,scraped,2026-07-07T12:46:05.316695,
e5fe2c7824e6a6f4,https://td.linkedin.com/jobs/view/junior-accountant-studentjob-be-at-jobster-4436578855,Junior Accountant - Studentjob.be,Jobster,scraped,2026-07-07T12:46:46.251908,
fad7b014c9427bd5,https://td.linkedin.com/jobs/view/maaltijdbezorger-studentjob-be-at-jobster-4436575113,Maaltijdbezorger - Studentjob.be,Jobster,posted,2026-07-07T12:47:33.259579,72
5824f050124a67dc,https://td.linkedin.com/jobs/view/talencia-consulting-erp-support-dynamics-365-business-central-studentjob-be-at-jobster-4436566674,Talencia Consulting - ERP Support (Dynamics 365 / Business Central) - Studentjob.be,Jobster,scraped,2026-07-07T12:48:14.412751,
cfc81d6820bb24f6,https://td.linkedin.com/jobs/view/young-graduate-proces-and-project-engineer-studentjob-be-at-jobster-4436563926,Young Graduate Proces and Project Engineer - Studentjob.be,Jobster,posted,2026-07-07T12:49:01.120666,74
b88aec660210b88c,https://td.linkedin.com/jobs/view/internal-sales-medewerker-studentjob-be-at-jobster-4436573805,Internal Sales Medewerker - Studentjob.be,Jobster,posted,2026-07-07T12:49:37.940040,76
83a692ef30f9b2a1,https://td.linkedin.com/jobs/view/verkoper-studentjob-be-at-jobster-4436568318,Verkoper - Studentjob.be,Jobster,posted,2026-07-07T12:50:24.045119,78
43ee3d2c486aa01e,https://td.linkedin.com/jobs/view/verkoper-studentjob-be-at-jobster-4436561408,Verkoper - Studentjob.be,Jobster,scraped,2026-07-07T12:51:05.383806,
9d6fd7813c0a3d70,https://td.linkedin.com/jobs/view/productiemedewerker-verzekeringen-studentjob-be-at-jobster-4436555871,Productiemedewerker verzekeringen - Studentjob.be,Jobster,posted,2026-07-07T12:51:42.067438,80
2bf85b9ca27cb999,https://td.linkedin.com/jobs/view/junior-sales-engineer-mechanica-studentjob-be-at-jobster-4436573350,(Junior) Sales Engineer | mechanica - Studentjob.be,Jobster,posted,2026-07-07T12:52:27.922531,82
c48d4089b4491fba,https://td.linkedin.com/jobs/view/junior-sales-engineer-mechanica-studentjob-be-at-jobster-4436572353,(Junior) Sales Engineer | mechanica - Studentjob.be,Jobster,scraped,2026-07-07T12:53:09.112917,
7ad4e9db1f16a034,https://td.linkedin.com/jobs/view/comptable-junior-d%C3%A9veloppement-avec-chef-comptable-studentjob-be-at-jobster-4436576289,Comptable Junior Développement avec chef comptable - Studentjob.be,Jobster,posted,2026-07-07T12:53:55.877540,84
8dd5b9215e9d8ae2,https://td.linkedin.com/jobs/view/winkelmedewerker-eke-studentjob-be-at-jobster-4436576584,Winkelmedewerker Eke - Studentjob.be,Jobster,posted,2026-07-07T12:54:41.391855,86
0e1b15e9add8aea9,https://td.linkedin.com/jobs/view/field-service-engineer-allround-belgi%C3%AB-internationaal-studentjob-be-at-jobster-4436568763,Field Service Engineer Allround (België Internationaal) - Studentjob.be,Jobster,posted,2026-07-07T12:55:29.143630,88
2c1fe89246bb99d9,https://td.linkedin.com/jobs/view/communicatiemedewerker-studentjob-be-at-jobster-4436580111,Communicatiemedewerker - Studentjob.be,Jobster,posted,2026-07-07T12:56:14.908768,90
2e128231875665cf,https://td.linkedin.com/jobs/view/een-sales-promotor-horeca-m-v-x-premium-spirits-studentjob-be-at-jobster-4436581304,Een Sales promotor Horeca M/V/X PREMIUM SPIRITS - Studentjob.be,Jobster,posted,2026-07-07T12:57:01.647357,92
d69128ad16dbec8f,https://td.linkedin.com/jobs/view/productiemedewerker-verzekeringen-studentjob-be-at-jobster-4436566194,Productiemedewerker verzekeringen - Studentjob.be,Jobster,scraped,2026-07-07T12:57:32.104623,
7309a464d8403366,https://td.linkedin.com/jobs/view/productiemedewerker-waterschotten-studentjob-be-at-jobster-4436571612,Productiemedewerker waterschotten - Studentjob.be,Jobster,posted,2026-07-07T12:58:18.932941,94
62d61ab532e9f6f2,https://td.linkedin.com/jobs/view/student-inside-sales-studentjob-be-at-jobster-4436595365,Student Inside Sales - Studentjob.be,Jobster,posted,2026-07-07T12:59:04.605675,96
3d09285c19d26fad,https://td.linkedin.com/jobs/view/commercial-interne-cdi-n%C3%A9erlandais-herve-studentjob-be-at-jobster-4436594178,Commercial Interne CDI | Néerlandais | Herve - Studentjob.be,Jobster,posted,2026-07-07T12:59:42.473398,98
1a08f9bfc2cdf73a,https://td.linkedin.com/jobs/view/productiemedewerker-waterschotten-studentjob-be-at-jobster-4436579883,Productiemedewerker waterschotten - Studentjob.be,Jobster,scraped,2026-07-07T13:00:23.453051,
4017ff8710078886,https://td.linkedin.com/jobs/view/communicatiemedewerker-studentjob-be-at-jobster-4436581671,Communicatiemedewerker - Studentjob.be,Jobster,scraped,2026-07-07T13:01:04.419399,
c32ef4e356f5f655,https://td.linkedin.com/jobs/view/winkelmedewerker-eke-studentjob-be-at-jobster-4436556437,Winkelmedewerker Eke - Studentjob.be,Jobster,scraped,2026-07-07T13:01:45.529492,
6db20ed3fa163e45,https://td.linkedin.com/jobs/view/geld-verdienen-met-je-smartphone%3F-word-panellid-bij-buffl%21-studentjob-be-at-jobster-4436595432,Geld verdienen met je smartphone? Word panellid bij Buffl! - Studentjob.be,Jobster,posted,2026-07-07T13:02:32.449090,100
c214779aec7417c9,https://td.linkedin.com/jobs/view/internal-sales-kortemark-vast-contract-studentjob-be-at-jobster-4436599210,Internal Sales | Kortemark | Vast Contract - Studentjob.be,Jobster,posted,2026-07-07T13:03:08.710634,102
eef8a4dcf9450b9e,https://td.linkedin.com/jobs/view/maaltijdkoerier-studentjob-be-at-jobster-4436559439,Maaltijdkoerier - Studentjob.be,Jobster,posted,2026-07-07T13:03:54.297684,104
6bfd41b63073cff9,https://td.linkedin.com/jobs/view/winkelmedewerker-mariakerke-studentjob-be-at-jobster-4436577429,Winkelmedewerker Mariakerke - Studentjob.be,Jobster,posted,2026-07-07T13:04:39.982513,106
fb67852a6ae34078,https://td.linkedin.com/jobs/view/winkelmedewerker-mariakerke-studentjob-be-at-jobster-4436571697,Winkelmedewerker Mariakerke - Studentjob.be,Jobster,scraped,2026-07-07T13:05:20.915508,
ca80d0291ffb5320,https://td.linkedin.com/jobs/view/teamcoordinator-schoonmaak-studentjob-be-at-jobster-4436571567,Teamcoordinator Schoonmaak - Studentjob.be,Jobster,posted,2026-07-07T13:06:09.054653,108
60ddcfa37693c26a,https://td.linkedin.com/jobs/view/maaltijdkoerier-studentjob-be-at-jobster-4436553529,Maaltijdkoerier - Studentjob.be,Jobster,scraped,2026-07-07T13:06:50.016140,
b67e75f0fe7a58ac,https://td.linkedin.com/jobs/view/geneesmiddelenonderzoek-ph3873-0039-grq-vergoeding-van-%E2%82%AC4-467-studentjob-be-at-jobster-4436571614,"Geneesmiddelenonderzoek PH3873-0039-GRQ (Vergoeding van €4.467,-) - Studentjob.be",Jobster,posted,2026-07-07T13:07:37.633169,110
9529936e5a3caf7d,https://td.linkedin.com/jobs/view/deel-jouw-mening-verdien-cadeaubonnen-%E2%80%93-word-gfk-panel-lid%21-thuiswerk-studentjob-be-at-jobster-4436564693,Deel jouw mening & verdien cadeaubonnen – Word GfK Panel Lid! (Thuiswerk) - Studentjob.be,Jobster,posted,2026-07-07T13:08:23.705454,112
642b31d952a580db,https://td.linkedin.com/jobs/view/participez-%C3%A0-des-enqu%C3%AAtes-et-gagnez-des-bons-cadeaux-travail-%C3%A0-domicile-studentjob-be-at-jobster-4436590426,Participez à des enquêtes et gagnez des bons cadeaux (travail à domicile) - Studentjob.be,Jobster,posted,2026-07-07T13:09:09.221923,114
57b1db181dca020e,https://td.linkedin.com/jobs/view/hr-administratief-medewerker-70%25-tewerkstelling-hoogstraten-studentjob-be-at-jobster-4436581202,HR administratief medewerker | 70% tewerkstelling || Hoogstraten - Studentjob.be,Jobster,posted,2026-07-07T13:09:44.832172,116
e073425b1ef9dca3,https://td.linkedin.com/jobs/view/t%C3%A9l%C3%A9travail-r%C3%A9pondez-%C3%A0-des-sondages-studentjob-be-at-jobster-4436801086,Télétravail: Répondez à des sondages - Studentjob.be,Jobster,posted,2026-07-07T13:10:30.463496,118
1816537001e36fdb,https://td.linkedin.com/jobs/view/job-%C3%A9tudiant-flexible-%E2%80%93-prof-particulier-%E2%80%93-20%E2%82%AC-%C3%A0-50%E2%82%AC-h-studentjob-be-at-jobster-4436569298,Job étudiant flexible – Prof particulier – 20€ à 50€/h - Studentjob.be,Jobster,posted,2026-07-07T13:11:16.548255,120
1cac2042044bd515,https://td.linkedin.com/jobs/view/animateur-animatrice-de-stage-d-anglais-studentjob-be-at-jobster-4436580796,Animateur/animatrice de stage d'anglais - Studentjob.be,Jobster,posted,2026-07-07T13:12:02.934622,122
680b4910de1cf0a5,https://td.linkedin.com/jobs/view/gagnez-de-l%E2%80%99argent-en-r%C3%A9pondant-%C3%A0-des-questionnaires-studentjob-be-at-jobster-4436559999,Gagnez de l’argent en répondant à des questionnaires - Studentjob.be,Jobster,posted,2026-07-07T13:12:48.822291,124
12fbf74fd0c99314,https://td.linkedin.com/jobs/view/job-%C3%A9tudiant-flexible-%E2%80%93-prof-particulier-%E2%80%93-jusqu-%C3%A0-50%E2%82%AC-h-studentjob-be-at-jobster-4436800118,Job étudiant flexible – Prof particulier – jusqu'à 50€/h - Studentjob.be,Jobster,posted,2026-07-07T13:13:35.024813,126
4d7f6e931998da8c,https://td.linkedin.com/jobs/view/deeltijdse-receptionist-e-30u-regio-1050-brussel-studentjob-be-at-jobster-4436585663,Deeltijdse receptionist(e) 30u - Regio 1050 Brussel - Studentjob.be,Jobster,posted,2026-07-07T13:14:20.997481,128
7bc70cc9118177e1,https://td.linkedin.com/jobs/view/d1-%E3%82%AB%E3%82%B8%E3%83%A5%E3%82%A2%E3%83%AB%E9%9D%A2%E8%AB%87%E3%83%BB%E3%82%AD%E3%83%A3%E3%83%AA%E3%82%A2%E7%9B%B8%E8%AB%87-at-%EF%BD%81%EF%BD%92%E3%82%A2%E3%83%89%E3%83%90%E3%83%B3%E3%82%B9%E3%83%88%E3%83%86%E3%82%AF%E3%83%8E%E3%83%AD%E3%82%B8%E6%A0%AA%E5%BC%8F%E4%BC%9A%E7%A4%BE-4437751794,D1_カジュアル面談・キャリア相談,,scraped,2026-07-07T20:33:11.901148,
e68d752c020cc719,https://td.linkedin.com/jobs/view/%E3%80%90%E6%9D%B1%E4%BA%AC%E3%80%91%E3%82%BD%E3%83%AA%E3%83%A5%E3%83%BC%E3%82%B7%E3%83%A7%E3%83%B3%E5%96%B6%E6%A5%AD%EF%BC%88%E5%A4%A7%E6%89%8B%E9%A1%A7%E5%AE%A2%E6%8B%85%E5%BD%93%EF%BC%89-at-aryzta-food-solutions-japan-korea-4436808407,【東京】ソリューション営業（大手顧客担当）,,scraped,2026-07-07T20:33:32.799824,
c700838ae71efa39,https://td.linkedin.com/jobs/view/driver-chauffeur-at-undp-careers-4437794872,Driver (Chauffeur),UNDP Careers,posted,2026-07-07T20:33:50.185907,130
f09ec6a6f00c3839,https://td.linkedin.com/jobs/view/sjukepleiar-100%25-fast-demens-avd-at-%C3%B8ygarden-kommune-4435789200,"Sjukepleiar 100% fast , demens avd.",,scraped,2026-07-07T20:33:52.607081,
1304ce9b33bb44f1,https://td.linkedin.com/jobs/view/digital-marketing-consultant-freelance-talent-pool-at-customer-collective-4434360800,Digital Marketing Consultant (freelance talent pool),,scraped,2026-07-07T20:34:00.089269,
4d14e31cffb0f19a,https://td.linkedin.com/jobs/view/delivery-driver-studentjob-be-at-jobster-4436819910,Delivery Driver - Studentjob.be,,scraped,2026-07-07T20:34:11.841759,
74c23fa1cd39bb74,https://td.linkedin.com/jobs/view/delivery-driver-studentjob-be-at-jobster-4436817979,Delivery Driver - Studentjob.be,,scraped,2026-07-07T20:34:21.284334,
428a4550c84474f4,https://td.linkedin.com/jobs/view/food-delivery-driver-studentjob-be-at-jobster-4436819855,Food Delivery Driver - Studentjob.be,,scraped,2026-07-07T20:34:28.886892,
37b7954b86e3a013,https://td.linkedin.com/jobs/view/responsable-de-production-junior-cdi-bullange-studentjob-be-at-jobster-4436595458,Responsable de production junior | CDI | Bullange - Studentjob.be,,scraped,2026-07-07T20:34:36.158704,
641a0302f5a10264,https://td.linkedin.com/jobs/view/junior-projectopvolger-studentjob-be-at-jobster-4436594378,(Junior) Projectopvolger - Studentjob.be,,scraped,2026-07-07T20:34:43.416472,
5091b99bd0373b3d,https://td.linkedin.com/jobs/view/kok-wzc-sorgvliet-studentjob-be-at-jobster-4436824712,Kok - WZC Sorgvliet - Studentjob.be,,scraped,2026-07-07T20:34:50.660262,
3290275c9101a20f,https://td.linkedin.com/jobs/view/responsable-de-production-junior-cdi-lentzweiler-studentjob-be-at-jobster-4436554836,Responsable de production junior | CDI | Lentzweiler - Studentjob.be,,scraped,2026-07-07T20:34:57.839430,
9d4e7d8d5295fddf,https://td.linkedin.com/jobs/view/barman-vrouw-brussel-38u-studentjob-be-at-jobster-4436592352,Barman/vrouw - Brussel - 38u - Studentjob.be,,scraped,2026-07-07T20:35:05.310400,
a73d1ef4d0068f20,https://td.linkedin.com/jobs/view/customer-support-sales-wemmel-vast-contract-studentjob-be-at-jobster-4436574722,Customer Support Sales | Wemmel | Vast Contract - Studentjob.be,,scraped,2026-07-07T20:35:12.628255,
f08b2fd148ebc373,https://td.linkedin.com/jobs/view/%E3%83%AA%E3%83%95%E3%82%A1%E3%83%A9%E3%83%AB%E3%82%AA%E3%83%BC%E3%83%97%E3%83%B3%E6%9E%A0-at-%EF%BD%81%EF%BD%92%E3%82%A2%E3%83%89%E3%83%90%E3%83%B3%E3%82%B9%E3%83%88%E3%83%86%E3%82%AF%E3%83%8E%E3%83%AD%E3%82%B8%E6%A0%AA%E5%BC%8F%E4%BC%9A%E7%A4%BE-4437759533,リファラルオープン枠,,scraped,2026-07-07T20:35:20.037921,
5f09c4d0ac27ac16,https://td.linkedin.com/jobs/view/maaltijdkoerier-studentjob-be-at-jobster-4436836213,Maaltijdkoerier - Studentjob.be,,scraped,2026-07-07T20:35:27.001179,
006f0031c06c2f4e,https://td.linkedin.com/jobs/view/maaltijdkoerier-studentjob-be-at-jobster-4436820848,Maaltijdkoerier - Studentjob.be,,scraped,2026-07-07T20:35:34.682953,
8bd5de1233292e00,https://td.linkedin.com/jobs/view/sales-promotor-retail-m-v-x-studentjob-be-at-jobster-4436595391,Sales Promotor Retail M/V/X - Studentjob.be,,scraped,2026-07-07T20:35:44.248187,
293f4a38983bfa43,https://td.linkedin.com/jobs/view/sales-promotor-retail-m-v-x-studentjob-be-at-jobster-4436584051,Sales Promotor Retail M/V/X - Studentjob.be,,scraped,2026-07-07T20:35:51.466120,
34bda32853d91979,https://td.linkedin.com/jobs/view/sales-promotor-retail-m-v-x-studentjob-be-at-jobster-4436577998,Sales Promotor Retail M/V/X - Studentjob.be,,scraped,2026-07-07T20:35:58.697550,
cd1318b030b135b6,https://td.linkedin.com/jobs/view/customer-service-supply-chain-aalter-vast-contract-studentjob-be-at-jobster-4436578280,Customer Service & Supply Chain | Aalter | Vast contract - Studentjob.be,,scraped,2026-07-07T20:36:08.166873,
6a6529c40337072c,https://td.linkedin.com/jobs/view/technical-support-engineer-studentjob-be-at-jobster-4436571883,Technical Support Engineer - Studentjob.be,,scraped,2026-07-07T20:36:15.534771,
90abd61ddf518d5f,https://td.linkedin.com/jobs/view/randstad-digital-it-support-medewerker-studentjob-be-at-jobster-4436567828,Randstad Digital - IT Support Medewerker - Studentjob.be,,scraped,2026-07-07T20:36:26.691098,
f0b3554bc6a222c7,https://td.linkedin.com/jobs/view/junior-legal-counsel-social-law-nl-brussels-studentjob-be-at-jobster-4436571451,Junior Legal Counsel - Social Law (NL) - Brussels - Studentjob.be,,scraped,2026-07-07T20:36:34.151025,
fdee62c339a56590,https://td.linkedin.com/jobs/view/connect-people-back-end-java-junior-studentjob-be-at-jobster-4436824688,Connect People - Back End Java Junior - Studentjob.be,,scraped,2026-07-07T20:36:45.757209,
9614555b77dec856,https://td.linkedin.com/jobs/view/zelfstandig-uitbater-press-shop-koksijde-studentjob-be-at-jobster-4436834236,Zelfstandig uitbater Press Shop KOKSIJDE - Studentjob.be,,scraped,2026-07-07T20:36:53.344819,
b66ad36477e7e089,https://td.linkedin.com/jobs/view/zelfstandig-uitbater-press-shop-koksijde-studentjob-be-at-jobster-4436575945,Zelfstandig uitbater Press Shop KOKSIJDE - Studentjob.be,,scraped,2026-07-07T20:37:00.486425,
96954a602d5988ef,https://td.linkedin.com/jobs/view/junior-beleggingsadviseur-studentjob-be-at-jobster-4436576892,Junior Beleggingsadviseur - Studentjob.be,,scraped,2026-07-07T20:37:07.778784,
1fdd34992422beef,https://td.linkedin.com/jobs/view/medewerker-onthaal-finance-support-wemmel-vast-contract-studentjob-be-at-jobster-4436587004,Medewerker Onthaal & Finance Support | Wemmel | Vast Contract - Studentjob.be,,scraped,2026-07-07T20:37:15.163346,
5b1faac1ab69e7b7,https://td.linkedin.com/jobs/view/zelfstandig-uitbater-press-shop-koksijde-studentjob-be-at-jobster-4436557858,Zelfstandig uitbater Press Shop KOKSIJDE - Studentjob.be,,scraped,2026-07-07T20:37:22.349042,
2ab0909d5d8bfcce,https://td.linkedin.com/jobs/view/administratief-medewerker-verzekeringen-studentjob-be-at-jobster-4436553821,Administratief Medewerker Verzekeringen - Studentjob.be,,scraped,2026-07-07T20:37:29.687273,
be6c8826c7505d72,https://td.linkedin.com/jobs/view/food-delivery-driver-studentjob-be-at-jobster-4436825618,Food Delivery Driver - Studentjob.be,,scraped,2026-07-07T20:37:36.833214,
a9f0a4225a845994,https://td.linkedin.com/jobs/view/internal-sales-engineer-studentjob-be-at-jobster-4436561794,Internal Sales Engineer - Studentjob.be,,scraped,2026-07-07T20:37:44.044511,
07df1fab63d97107,https://td.linkedin.com/jobs/view/internal-sales-veurne-vast-contract-studentjob-be-at-jobster-4436574734,Internal Sales | Veurne | Vast contract - Studentjob.be,,scraped,2026-07-07T20:37:52.198962,
109a703a5f615190,https://td.linkedin.com/jobs/view/food-delivery-driver-studentjob-be-at-jobster-4436836220,Food Delivery Driver - Studentjob.be,,scraped,2026-07-07T20:38:03.428515,
f5c44655d0c79724,https://td.linkedin.com/jobs/view/food-delivery-driver-studentjob-be-at-jobster-4436833301,Food Delivery Driver - Studentjob.be,,scraped,2026-07-07T20:38:11.015320,
974d146768062c97,https://td.linkedin.com/jobs/view/administratief-medewerker-planning-co%C3%B6rdinatie-genk-vast-contract-studentjob-be-at-jobster-4436567776,Administratief Medewerker Planning & Coördinatie | Genk | Vast contract - Studentjob.be,,scraped,2026-07-07T20:38:18.375715,
3151a3c614204c88,https://td.linkedin.com/jobs/view/communicatiemedewerker-studentjob-be-at-jobster-4436576934,Communicatiemedewerker - Studentjob.be,,scraped,2026-07-07T20:38:27.608225,
424d430cbd9253bf,https://td.linkedin.com/jobs/view/autocad-tekenaar-mogelijkheid-tot-thuiswerk-studentjob-be-at-jobster-4436827544,Autocad tekenaar (mogelijkheid tot thuiswerk) - Studentjob.be,,scraped,2026-07-07T20:38:34.789388,
397d5d372b2a8610,https://td.linkedin.com/jobs/view/interne-veranwoordelijke-schade-en-administratie-studentjob-be-at-jobster-4436593362,Interne veranwoordelijke schade en administratie - Studentjob.be,,scraped,2026-07-07T20:38:41.993530,
4d7abdec7df14923,https://td.linkedin.com/jobs/view/junior-secretariaatsmedewerk-st-er-v-m-x-studentjob-be-at-jobster-4436825674,Junior Secretariaatsmedewerk(st)er (V/M/X) - Studentjob.be,,scraped,2026-07-07T20:38:53.311537,
f30b876f7c745392,https://td.linkedin.com/jobs/view/kwery-1st-2nd-line-support-engineer-studentjob-be-at-jobster-4436588127,Kwery - 1st / 2nd Line Support Engineer - Studentjob.be,,scraped,2026-07-07T20:39:00.965326,
703d6b431854f8a8,https://td.linkedin.com/jobs/view/winkelmedewerker-mariakerke-studentjob-be-at-jobster-4436590548,Winkelmedewerker Mariakerke - Studentjob.be,,scraped,2026-07-07T20:39:09.111460,
4f35febe9d0a2414,https://td.linkedin.com/jobs/view/connect-people-front-end-dev-junior-studentjob-be-at-jobster-4436833322,Connect People - Front End Dev Junior - Studentjob.be,,scraped,2026-07-07T20:39:16.242526,
cb95fd3feac4786a,https://td.linkedin.com/jobs/view/sales-promotor-retail-m-v-x-studentjob-be-at-jobster-4436817984,Sales Promotor Retail M/V/X - Studentjob.be,,scraped,2026-07-07T20:39:23.676146,
fa80d0085f6bc628,https://td.linkedin.com/jobs/view/krijg-betaald-voor-het-testen-van-apps-games-enqu%C3%AAtes-studentjob-be-at-jobster-4436592016,"Krijg betaald voor het testen van apps, games & enquêtes - Studentjob.be",,scraped,2026-07-07T20:39:31.256751,
46ebc1d5f8e39032,https://td.linkedin.com/jobs/view/internal-sales-duits-kortemark-vast-contract-studentjob-be-at-jobster-4436586771,Internal Sales Duits | Kortemark | Vast Contract - Studentjob.be,,scraped,2026-07-07T20:39:38.621551,
0447e73c495ab249,https://td.linkedin.com/jobs/view/administratief-medewerker-verzekeringen-onthaal-studentjob-be-at-jobster-4436578096,Administratief Medewerker Verzekeringen & Onthaal - Studentjob.be,,scraped,2026-07-07T20:39:45.926296,
d65ec666173232b8,https://td.linkedin.com/jobs/view/internal-sales-ned-fr-eng-vast-contract-studentjob-be-at-jobster-4436580813,Internal Sales | NED FR ENG | Vast contract - Studentjob.be,,scraped,2026-07-07T20:39:53.459923,
a17250684e8f877f,https://td.linkedin.com/jobs/view/een-sales-promotor-horeca-m-v-x-italiaanse-voeding-studentjob-be-at-jobster-4436825700,Een Sales promotor Horeca M/V/X ITALIAANSE VOEDING - Studentjob.be,,scraped,2026-07-07T20:40:00.817771,
904e07123819ee37,https://td.linkedin.com/jobs/view/een-sales-promotor-horeca-m-v-x-italiaanse-voeding-studentjob-be-at-jobster-4436822776,Een Sales promotor Horeca M/V/X ITALIAANSE VOEDING - Studentjob.be,,scraped,2026-07-07T20:40:08.149677,
d45452ff45f6d80d,https://td.linkedin.com/jobs/view/een-sales-promotor-horeca-m-v-x-italiaanse-voeding-studentjob-be-at-jobster-4436582547,Een Sales promotor Horeca M/V/X ITALIAANSE VOEDING - Studentjob.be,,scraped,2026-07-07T20:40:15.706533,
930ceb58faeffff6,https://td.linkedin.com/jobs/view/een-sales-promotor-horeca-m-v-x-italiaanse-voeding-studentjob-be-at-jobster-4436574261,Een Sales promotor Horeca M/V/X ITALIAANSE VOEDING - Studentjob.be,,scraped,2026-07-07T20:40:23.021678,
0ed6b2531a5d0ca7,https://td.linkedin.com/jobs/view/zorgkundige-avonddienst-wzc-zonneweelde-studentjob-be-at-jobster-4436838007,Zorgkundige Avonddienst - WZC Zonneweelde - Studentjob.be,,scraped,2026-07-07T20:40:34.370008,
1ce45f310f4514d3,https://td.linkedin.com/jobs/view/technicien-ne-junior-audio-vid%C3%A9o-f-h-x-studentjob-be-at-jobster-4436564589,Technicien(ne) junior Audio-vidéo (F/H/X) - Studentjob.be,,scraped,2026-07-08T07:19:04.046205,
b29163c99c108173,https://td.linkedin.com/jobs/view/administratief-medewerker-studentjob-be-at-jobster-4436572102,Administratief medewerker - Studentjob.be,,scraped,2026-07-08T07:19:18.108235,
c154543f7c122330,https://td.linkedin.com/jobs/view/administratief-medewerker-studentjob-be-at-jobster-4436548944,Administratief medewerker - Studentjob.be,,scraped,2026-07-08T07:19:26.185879,
81b839c8acb6e34c,https://td.linkedin.com/jobs/view/%E3%82%A2%E3%82%AB%E3%82%A6%E3%83%B3%E3%83%88%E3%83%97%E3%83%A9%E3%83%B3%E3%83%8A%E3%83%BC%E3%80%90%E6%9D%B1%E4%BA%AC-%E5%A4%A7%E9%98%AA%E5%8B%A4%E5%8B%99%E3%80%91-at-%E6%A0%AA%E5%BC%8F%E4%BC%9A%E7%A4%BEplan-b-4433901179,アカウントプランナー【東京/大阪勤務】,,scraped,2026-07-08T07:19:35.560869,
016a1ae310219bb3,https://td.linkedin.com/jobs/view/r%C3%A9pondez-%C3%A0-des-enqu%C3%AAtes-de-chez-vous-pendant-votre-temps-libre-%21-studentjob-be-at-jobster-4436576865,Répondez à des enquêtes de chez vous pendant votre temps libre ! - Studentjob.be,,scraped,2026-07-08T07:19:41.611661,
98bac60cbcda540a,https://td.linkedin.com/jobs/view/customer-service-franse-markt-studentjob-be-at-jobster-4436816927,Customer Service Franse markt - Studentjob.be,,scraped,2026-07-08T07:19:50.832195,
4f5c59bfdd2c2c90,https://td.linkedin.com/jobs/view/administratief-medewerker-m-v-x-studentjob-be-at-jobster-4436592328,Administratief Medewerker (m/v/x) - Studentjob.be,,scraped,2026-07-08T07:19:58.433164,
8fb72dcf32faf11e,https://td.linkedin.com/jobs/view/junior-accountant-studentjob-be-at-jobster-4436580404,Junior Accountant - Studentjob.be,,scraped,2026-07-08T07:20:13.885358,
863539d84ae3578d,https://td.linkedin.com/jobs/view/junior-accountant-studentjob-be-at-jobster-4436836178,Junior Accountant - Studentjob.be,,scraped,2026-07-08T07:20:23.739701,
ce1ee4d55521a118,https://td.linkedin.com/jobs/view/junior-accountant-studentjob-be-at-jobster-4436572866,Junior Accountant - Studentjob.be,,scraped,2026-07-08T07:20:30.913826,
70c301b5089ef42f,https://td.linkedin.com/jobs/view/junior-statisticus-econoom-v-m-x-studentjob-be-at-jobster-4436582492,Junior Statisticus-Econoom (V/M/X) - Studentjob.be,,scraped,2026-07-08T07:20:42.402920,
e47ae3e0ecf60d70,https://td.linkedin.com/jobs/view/junior-statisticus-econoom-v-m-x-studentjob-be-at-jobster-4436576814,Junior Statisticus-Econoom (V/M/X) - Studentjob.be,,scraped,2026-07-08T07:20:49.950299,
124ca176ceca953c,https://td.linkedin.com/jobs/view/technical-support-engineer-studentjob-be-at-jobster-4436581396,Technical Support Engineer - Studentjob.be,,scraped,2026-07-08T07:21:01.256922,
b209c61d8b094706,https://td.linkedin.com/jobs/view/maaltijdbezorger-studentjob-be-at-jobster-4436864690,Maaltijdbezorger - Studentjob.be,,scraped,2026-07-08T07:21:10.523466,
e39d76bd0e29c4fc,https://td.linkedin.com/jobs/view/junior-jurist-e-institutioneel-analist-e-v-m-x-studentjob-be-at-jobster-4436577889,Junior Jurist(e) - Institutioneel analist(e) (V/M/X) - Studentjob.be,,scraped,2026-07-08T07:21:17.667153,
4d659fb3470d23c0,https://td.linkedin.com/jobs/view/juriste-junior-analyste-institutionnel-le-f-h-x-studentjob-be-at-jobster-4436572883,Juriste junior - Analyste institutionnel(le) (F/H/X) - Studentjob.be,,scraped,2026-07-08T07:21:24.698702,
5106c9f57ed07796,https://td.linkedin.com/jobs/view/een-sales-promotor-horeca-m-v-x-premium-spirits-studentjob-be-at-jobster-4436570206,Een Sales promotor Horeca M/V/X PREMIUM SPIRITS - Studentjob.be,,scraped,2026-07-08T07:21:32.398966,
3377b169fc0761e7,https://td.linkedin.com/jobs/view/een-sales-promotor-horeca-m-v-x-premium-spirits-studentjob-be-at-jobster-4436559312,Een Sales promotor Horeca M/V/X PREMIUM SPIRITS - Studentjob.be,,scraped,2026-07-08T07:21:39.907029,
85b8c3cd72b34472,https://td.linkedin.com/jobs/view/een-sales-promotor-horeca-m-v-x-premium-spirits-studentjob-be-at-jobster-4436824633,Een Sales promotor Horeca M/V/X PREMIUM SPIRITS - Studentjob.be,,scraped,2026-07-08T07:21:47.170419,
7a335943d7efc6f1,https://td.linkedin.com/jobs/view/winkelmedewerker-lede-studentjob-be-at-jobster-4436568380,Winkelmedewerker Lede - Studentjob.be,,scraped,2026-07-08T07:21:54.264070,
0abf8a1412db51d4,https://td.linkedin.com/jobs/view/uz-brussel-1st-line-support-medewerker-studentjob-be-at-jobster-4436581474,UZ Brussel - 1st Line Support Medewerker - Studentjob.be,,scraped,2026-07-08T07:22:01.724892,
9ccc89fc97700ca3,https://td.linkedin.com/jobs/view/winkelmedewerker-lede-studentjob-be-at-jobster-4436564109,Winkelmedewerker Lede - Studentjob.be,,scraped,2026-07-08T07:22:08.914349,
4234aab2c0460bd4,https://td.linkedin.com/jobs/view/winkelmedewerker-lede-studentjob-be-at-jobster-4436571937,Winkelmedewerker Lede - Studentjob.be,,scraped,2026-07-08T07:22:18.201320,
dc99c108a5c32d4a,https://td.linkedin.com/jobs/view/milj%C3%B8terapeut-100%25-fast-stilling-at-%C3%B8ygarden-kommune-4435782445,Miljøterapeut 100% fast stilling,,scraped,2026-07-08T07:22:25.382651,
0443c521975bb0a2,https://td.linkedin.com/jobs/view/winkelmedewerker-lede-studentjob-be-at-jobster-4436815975,Winkelmedewerker Lede - Studentjob.be,,scraped,2026-07-08T07:22:32.829263,
61b566f397894140,https://td.linkedin.com/jobs/view/commercieel-administratief-medewerker-verzekeringen-studentjob-be-at-jobster-4436574447,Commercieel & Administratief Medewerker Verzekeringen - Studentjob.be,,scraped,2026-07-08T07:22:40.214521,
dec23c363df9676a,https://td.linkedin.com/jobs/view/actuaris-stage-integrated-risk-studentjob-be-at-jobster-4436598209,Actuaris Stage - Integrated Risk - Studentjob.be,,scraped,2026-07-08T07:22:47.998762,
7944a241447e6d97,https://td.linkedin.com/jobs/view/rural-electrification-expert-%E2%80%93-chad-at-allied-talent-partners-4435529918,Rural Electrification Expert – Chad,,scraped,2026-07-08T07:22:58.065649,
1bdd93f812071dc1,https://td.linkedin.com/jobs/view/internal-technical-advisor-studentjob-be-at-jobster-4436814984,Internal technical advisor - Studentjob.be,,scraped,2026-07-08T07:23:05.719961,
16d1f70d52810cb2,https://td.linkedin.com/jobs/view/communicatiemedewerker-studentjob-be-at-jobster-4436830353,Communicatiemedewerker - Studentjob.be,,scraped,2026-07-08T07:23:14.819654,
f1bd85fa054b9288,https://td.linkedin.com/jobs/view/maaltijdkoerier-studentjob-be-at-jobster-4436869535,Maaltijdkoerier - Studentjob.be,,scraped,2026-07-08T07:23:28.089350,
3f592e99311d1ad0,https://td.linkedin.com/jobs/view/studentenjob-met-kennis-van-fotografie-studentjob-be-at-jobster-4436579795,Studentenjob met kennis van fotografie - Studentjob.be,,scraped,2026-07-08T07:23:41.189092,
0901f10764d8197d,https://td.linkedin.com/jobs/view/stage-radio-productie-joe-vanaf-september-2026-studentjob-be-at-jobster-4436875309,Stage Radio Productie JOE (vanaf september 2026) - Studentjob.be,,scraped,2026-07-08T07:23:56.911077,
93a68c3d7e194a42,https://td.linkedin.com/jobs/view/bijbaan-vanuit-huis-verdien-geld-met-online-enqu%C3%AAtes-bij-yougov-belgi%C3%AB%21-studentjob-be-at-jobster-4436590325,Bijbaan vanuit huis: Verdien geld met online enquêtes bij YouGov België! - Studentjob.be,,scraped,2026-07-08T07:24:04.284193,
2751f072c67445f3,https://td.linkedin.com/jobs/view/hotel-entertainers-in-mallorca-spain-studentjob-be-at-jobster-4436563980,Hotel entertainers in Mallorca- Spain - Studentjob.be,,scraped,2026-07-08T07:24:11.717926,
64a4f8ce19294eba,https://td.linkedin.com/jobs/view/recruiter-studentjob-be-at-jobster-4437028746,Recruiter - Studentjob.be,,scraped,2026-07-08T13:22:09.655810,
b4148fb2623629d4,https://td.linkedin.com/jobs/view/recruiter-studentjob-be-at-jobster-4437040491,Recruiter - Studentjob.be,,scraped,2026-07-08T13:22:18.813918,
78f2cf244a6862af,https://td.linkedin.com/jobs/view/headhunter-recruiter-studentjob-be-at-jobster-4437045300,Headhunter / Recruiter - Studentjob.be,,scraped,2026-07-08T13:22:25.483284,
309d973b69dad8c6,https://td.linkedin.com/jobs/view/technical-recruiter-studentjob-be-at-jobster-4437041390,Technical Recruiter - Studentjob.be,,scraped,2026-07-08T13:22:32.239300,
4fbeeafce4a1dd45,https://td.linkedin.com/jobs/view/recruiter-studentjob-be-at-jobster-4437043350,Recruiter - Studentjob.be,,scraped,2026-07-08T13:22:38.910235,
07899a7e38baa792,https://td.linkedin.com/jobs/view/sap-recruiter-studentjob-be-at-jobster-4437035637,Sap-Recruiter - Studentjob.be,,scraped,2026-07-08T13:22:45.771676,
00aca420d7253ab2,https://td.linkedin.com/jobs/view/driver-support-studentjob-be-at-jobster-4437046252,Driver Support - Studentjob.be,,scraped,2026-07-08T13:22:52.425317,
3cec6255bb53001f,https://td.linkedin.com/jobs/view/customer-service-dispatchers-studentjob-be-at-jobster-4437048136,Customer Service Dispatchers - Studentjob.be,,scraped,2026-07-08T13:22:59.311828,
e57d954549d64771,https://td.linkedin.com/jobs/view/recruiter-studentjob-be-at-jobster-4437037447,Recruiter - Studentjob.be,,scraped,2026-07-08T13:23:06.093080,
9465604fce2154f4,https://td.linkedin.com/jobs/view/dispatcher-customer-service-studentjob-be-at-jobster-4437047017,Dispatcher Customer Service - Studentjob.be,,scraped,2026-07-08T13:23:13.148622,
5baafcf819ef7ecd,https://td.linkedin.com/jobs/view/customer-service-transport-studentjob-be-at-jobster-4437045191,Customer Service Transport - Studentjob.be,,scraped,2026-07-08T13:23:20.036470,
1104c6e4b5c6b85b,https://td.linkedin.com/jobs/view/warehouse-worker-studentjob-be-at-jobster-4437031612,Warehouse Worker - Studentjob.be,,scraped,2026-07-08T13:23:27.082421,
dc6f63f975a59fb8,https://td.linkedin.com/jobs/view/food-delivery-driver-studentjob-be-at-jobster-4437041229,Food Delivery Driver - Studentjob.be,,scraped,2026-07-08T13:23:35.769135,
ab184ff0f78037b3,https://td.linkedin.com/jobs/view/food-delivery-driver-studentjob-be-at-jobster-4437035400,Food Delivery Driver - Studentjob.be,,scraped,2026-07-08T13:23:42.533647,
3f0d3c2fe682c191,https://td.linkedin.com/jobs/view/recruiter-regio-staden-studentjob-be-at-jobster-4437029875,Recruiter | Regio Staden - Studentjob.be,,scraped,2026-07-08T13:23:53.536310,
65cc4f640e22bb04,https://td.linkedin.com/jobs/view/purchase-support-employee-studentjob-be-at-jobster-4437028639,Purchase support employee - Studentjob.be,,scraped,2026-07-08T13:24:00.267327,
c2b43817c05765b5,https://td.linkedin.com/jobs/view/communication-events-intern-studentjob-be-at-jobster-4437038493,Communication & Events Intern - Studentjob.be,,scraped,2026-07-08T13:24:07.020464,
dc3047f613fb4e5e,https://td.linkedin.com/jobs/view/groenten-fruit-verkoopheld-%E2%80%94-deeltijds-studentjob-be-at-jobster-4437044377,Groenten & Fruit Verkoopheld — Deeltijds - Studentjob.be,,scraped,2026-07-08T13:24:13.771864,
69568665c10790a4,https://td.linkedin.com/jobs/view/international-business-development-studentjob-be-at-jobster-4437045256,International Business Development - Studentjob.be,,scraped,2026-07-08T13:24:20.576163,
20dd52535bff1058,https://td.linkedin.com/jobs/view/customer-service-franse-markt-studentjob-be-at-jobster-4436835235,Customer Service Franse markt - Studentjob.be,,scraped,2026-07-08T13:24:29.677536,
fabe74b19490701f,https://td.linkedin.com/jobs/view/deeltijdse-receptionist-e-15u-regio-limelette-studentjob-be-at-jobster-4437049011,Deeltijdse Receptionist(E) 15u Regio Limelette - Studentjob.be,,scraped,2026-07-08T13:24:36.476878,
e8a74f128642fd2d,https://td.linkedin.com/jobs/view/deeltijdse-receptionist-e-15u-regio-limelette-studentjob-be-at-jobster-4437035468,Deeltijdse Receptionist(E) 15u Regio Limelette - Studentjob.be,,scraped,2026-07-08T13:24:43.559163,
8978c496cf7ae006,https://td.linkedin.com/jobs/view/deeltijdse-receptionist-e-15u-regio-limelette-studentjob-be-at-jobster-4437045108,Deeltijdse Receptionist(E) 15u Regio Limelette - Studentjob.be,,scraped,2026-07-08T13:24:50.422341,
14e1acf52fb273e4,https://td.linkedin.com/jobs/view/%E3%80%90%E3%82%A8%E3%83%AA%E3%82%A2%E5%85%B1%E9%80%9A%E3%80%91%E3%82%AA%E3%83%BC%E3%83%97%E3%83%B3%E3%83%9D%E3%82%B8%E3%82%B7%E3%83%A7%E3%83%B3%EF%BC%88%E5%96%B6%E6%A5%AD%E9%83%A8%E9%96%80%EF%BC%89-at-%EF%BD%81%EF%BD%92%E3%82%A2%E3%83%89%E3%83%90%E3%83%B3%E3%82%B9%E3%83%88%E3%83%86%E3%82%AF%E3%83%8E%E3%83%AD%E3%82%B8%E6%A0%AA%E5%BC%8F%E4%BC%9A%E7%A4%BE-4437753728,【エリア共通】オープンポジション（営業部門）,,scraped,2026-07-08T13:24:57.250632,
7fba844b674a6d81,https://td.linkedin.com/jobs/view/acheteur-junior-studentjob-be-at-jobster-4437034581,Acheteur Junior - Studentjob.be,,scraped,2026-07-08T13:25:04.329927,
51f45e59b4dda9f1,https://td.linkedin.com/jobs/view/logistic-customer-service-studentjob-be-at-jobster-4437026944,Logistic Customer Service - Studentjob.be,,scraped,2026-07-08T13:25:11.203470,
b024c674b2456e08,https://td.linkedin.com/jobs/view/junior-planner-studentjob-be-at-jobster-4437047123,Junior Planner - Studentjob.be,,scraped,2026-07-08T13:25:17.882877,
59728a9523d894a0,https://td.linkedin.com/jobs/view/financial-controller-intern-studentjob-be-at-jobster-4437024975,Financial Controller - Intern - Studentjob.be,,scraped,2026-07-08T13:25:24.614517,
c793dd33bf97dc76,https://td.linkedin.com/jobs/view/stage-campus-internal-recruitment-studentjob-be-at-jobster-4437048225,STAGE Campus & Internal Recruitment - Studentjob.be,,scraped,2026-07-08T13:25:31.465698,
0f297570f954980f,https://td.linkedin.com/jobs/view/stage-campus-internal-recruitment-studentjob-be-at-jobster-4437048053,STAGE Campus & Internal Recruitment - Studentjob.be,,scraped,2026-07-08T13:25:38.538282,
aa61436d7914f446,https://td.linkedin.com/jobs/view/ing%C3%A9nieur-technico-commercial-international-industrie-studentjob-be-at-jobster-4437040517,Ingénieur Technico-Commercial International - Industrie - Studentjob.be,,scraped,2026-07-08T13:25:45.285081,
cceb3bf2b320c089,https://td.linkedin.com/jobs/view/manager-de-projet-ouvert-aux-candidats-internes-externes-at-international-civil-aviation-organization-4438148935,Manager de Projet [Ouvert aux Candidats internes & externes],International Civil Aviation Organization,posted,2026-07-08T13:26:06.930660,142
f204454883c63eba,https://td.linkedin.com/jobs/view/hr-recruiter-studentjob-be-at-jobster-4437046258,Hr recruiter - Studentjob.be,,scraped,2026-07-08T13:26:09.491939,
2f882a2b8688a67d,https://td.linkedin.com/jobs/view/hr-recruiter-studentjob-be-at-jobster-4437032585,Hr recruiter - Studentjob.be,,scraped,2026-07-08T13:26:16.465506,
b65363dd2cb396e7,https://td.linkedin.com/jobs/view/recruiter-hr-adviseur-studentjob-be-at-jobster-4437040513,Recruiter / HR adviseur - Studentjob.be,,scraped,2026-07-08T13:26:23.337780,
3162d4c46460f28b,https://td.linkedin.com/jobs/view/onsite-support-studentjob-be-at-jobster-4437028869,Onsite Support - Studentjob.be,,scraped,2026-07-08T13:26:30.199680,
e21c8e0c854557d6,https://td.linkedin.com/jobs/view/hr-co%C3%B6rdinator-recruiter-studentjob-be-at-jobster-4437046230,HR Coördinator / Recruiter - Studentjob.be,,scraped,2026-07-08T13:26:36.950356,
5eedcc285e2e90f3,https://td.linkedin.com/jobs/view/stagiaire-assistant-e-administratif-ve-studentjob-be-at-jobster-4437030793,Stagiaire Assistant.e Administratif.ve - Studentjob.be,,scraped,2026-07-08T13:26:43.935261,
7ef033b8c2b15327,https://td.linkedin.com/jobs/view/customer-development-support-studentjob-be-at-jobster-4437039509,Customer development support - Studentjob.be,,scraped,2026-07-08T13:26:52.619196,
89c68f0783ccca9f,https://td.linkedin.com/jobs/view/customer-development-support-studentjob-be-at-jobster-4437031737,Customer development support - Studentjob.be,,scraped,2026-07-08T13:26:59.652305,
67b5ffbe86555267,https://td.linkedin.com/jobs/view/polyvalent-administratief-medewerker-bouwbedrijf-studentjob-be-at-jobster-4437044370,Polyvalent Administratief Medewerker Bouwbedrijf - Studentjob.be,,scraped,2026-07-08T13:27:06.434715,
edf85169d6d3862f,https://td.linkedin.com/jobs/view/polyvalent-administratief-medewerker-bouwbedrijf-studentjob-be-at-jobster-4437025901,Polyvalent Administratief Medewerker Bouwbedrijf - Studentjob.be,,scraped,2026-07-08T13:27:13.221999,
48ebe1d5877c09ca,https://td.linkedin.com/jobs/view/verkoopadviseur-antwerpen-studentjob-be-at-jobster-4437047153,Verkoopadviseur Antwerpen - Studentjob.be,,scraped,2026-07-08T13:27:20.170307,
06fc2c0047b55401,https://td.linkedin.com/jobs/view/student-analyst-studentjob-be-at-jobster-4436826581,Student Analyst - Studentjob.be,,scraped,2026-07-08T13:27:26.955248,
7f0e690ebf2c4d78,https://td.linkedin.com/jobs/view/sales-support-export-studentjob-be-at-jobster-4437028801,Sales Support Export - Studentjob.be,,scraped,2026-07-08T13:27:33.713551,
c17108e22df09eb1,https://td.linkedin.com/jobs/view/sales-support-export-studentjob-be-at-jobster-4437028785,Sales Support Export - Studentjob.be,,scraped,2026-07-08T13:27:40.558768,
1e51787f3808e968,https://td.linkedin.com/jobs/view/receptionist-studentjob-be-at-jobster-4437038437,Receptionist - Studentjob.be,,scraped,2026-07-08T13:27:47.323049,
e6a849b744085351,https://td.linkedin.com/jobs/view/flexibele-receptionist-nationaal-voltijds-studentjob-be-at-jobster-4436591238,Flexibele Receptionist Nationaal / Voltijds - Studentjob.be,,scraped,2026-07-08T13:27:54.401454,
8dcd440a7d987679,https://td.linkedin.com/jobs/view/junior-auditor-geen-ervaring-studentjob-be-at-jobster-4437042392,Junior Auditor - Geen Ervaring - Studentjob.be,,scraped,2026-07-08T13:28:01.139667,
78d560fea79f9c4f,https://td.linkedin.com/jobs/view/junior-auditor-geen-ervaring-studentjob-be-at-jobster-4437045312,Junior Auditor - Geen Ervaring - Studentjob.be,,scraped,2026-07-08T13:28:08.276685,
26143effa1a15361,https://td.linkedin.com/jobs/view/recruiter-hr-studentjob-be-at-jobster-4437036543,Recruiter / HR - Studentjob.be,,scraped,2026-07-08T13:28:14.989286,
9c9e1cec360f8790,https://td.linkedin.com/jobs/view/customer-service-advisor-studentjob-be-at-jobster-4437031519,Customer Service Advisor - Studentjob.be,,scraped,2026-07-08T13:28:21.767561,
74c4a32218436ab1,https://td.linkedin.com/jobs/view/sales-support-export-studentjob-be-at-jobster-4437041361,Sales Support Export - Studentjob.be,,scraped,2026-07-08T13:28:28.492623,
e61552a788eeb902,https://td.linkedin.com/jobs/view/accounts-payable-robert-half-h-f-x-studentjob-be-at-jobster-4437047164,"Accounts Payable, Robert Half (H/F/X) - Studentjob.be",,scraped,2026-07-08T13:28:35.141419,
ebc1e8941fa042ec,https://td.linkedin.com/jobs/view/customer-service-europese-markt-%E2%82%AC2-400-%E2%82%AC3-200-per-maand-studentjob-be-at-jobster-4437028868,Customer Service Europese Markt - €2.400 - €3.200 Per Maand - Studentjob.be,,scraped,2026-07-08T13:28:41.875934,
dd0e42c656e26676,https://td.linkedin.com/jobs/view/customer-service-back-office-asse-studentjob-be-at-jobster-4437045231,Customer service | back office | asse - Studentjob.be,,scraped,2026-07-08T13:28:48.671048,
d48e2815bb4b0f72,https://td.linkedin.com/jobs/view/reservechauffeur-studentjob-be-at-jobster-4437041314,Reservechauffeur - Studentjob.be,,scraped,2026-07-08T13:28:55.448812,
e6af67801f744788,https://td.linkedin.com/jobs/view/business-developer-international-markets-studentjob-be-at-jobster-4437030675,Business Developer- International Markets - Studentjob.be,,scraped,2026-07-08T13:29:02.492194,
260166c1d1cbd7fe,https://td.linkedin.com/jobs/view/business-developer-international-markets-studentjob-be-at-jobster-4437046291,Business Developer- International Markets - Studentjob.be,,scraped,2026-07-08T13:29:09.340061,
e8da9e4aca617779,https://td.linkedin.com/jobs/view/application-support-engineer-studentjob-be-at-jobster-4437042384,Application Support Engineer - Studentjob.be,,scraped,2026-07-08T13:29:16.359276,
ceca8af8134e8f8b,https://td.linkedin.com/jobs/view/kok-regio-ekeren-voltijds-of-deeltijds-studentjob-be-at-jobster-4437044394,Kok | Regio Ekeren | Voltijds Of Deeltijds - Studentjob.be,,scraped,2026-07-08T13:29:23.082872,
fdd51bba9a797fd9,https://td.linkedin.com/jobs/view/kok-regio-ekeren-voltijds-of-deeltijds-studentjob-be-at-jobster-4437041423,Kok | Regio Ekeren | Voltijds Of Deeltijds - Studentjob.be,,scraped,2026-07-08T13:29:29.972481,
b6c384a0c0248938,https://td.linkedin.com/jobs/view/chauffeurs-c-horecabezorging-aan-de-kust-studentjob-be-at-jobster-4437043171,Chauffeurs C --> Horecabezorging aan de kust - Studentjob.be,,scraped,2026-07-08T13:29:36.785665,
67fe9a66d7e2bbb7,https://td.linkedin.com/jobs/view/chauffeur-toerisme-studentjob-be-at-jobster-4437046171,Chauffeur Toerisme - Studentjob.be,,scraped,2026-07-08T13:29:45.560111,
bb5ade502c9bc8fd,https://td.linkedin.com/jobs/view/service-advisor-%7E-customer-service-studentjob-be-at-jobster-4437049027,SERVICE ADVISOR ~ CUSTOMER SERVICE - Studentjob.be,,scraped,2026-07-08T13:29:52.261338,
0de634107d562948,https://td.linkedin.com/jobs/view/chauffeurs-ce-studentjob-be-at-jobster-4437026872,Chauffeurs CE - Studentjob.be,,scraped,2026-07-08T13:29:58.966444,
6298fdb0fa2ef162,https://td.linkedin.com/jobs/view/customer-service-officer-h-f-x-studentjob-be-at-jobster-4437035507,Customer Service Officer (H/F/X) - Studentjob.be,,scraped,2026-07-08T13:30:05.856961,
0cfa4e6f15f6171d,https://td.linkedin.com/jobs/view/orderpicker-volvo-logistics-studentjob-be-at-jobster-4437044264,Orderpicker VOLVO LOGISTICS - Studentjob.be,,scraped,2026-07-08T13:30:12.990194,
e1f509ee86307fcd,https://td.linkedin.com/jobs/view/chauffeur-ce-studentjob-be-at-jobster-4437027771,Chauffeur-ce. - Studentjob.be,,scraped,2026-07-08T13:30:21.932493,
791c533ab758ba54,https://td.linkedin.com/jobs/view/helpdesk-officer-nederlands-engels-studentjob-be-at-jobster-4437041330,Helpdesk Officer (Nederlands/Engels) - Studentjob.be,,scraped,2026-07-08T13:30:29.030563,
709a82da943e5bda,https://td.linkedin.com/jobs/view/junior-application-technician-studentjob-be-at-jobster-4437033530,Junior Application Technician - Studentjob.be,,scraped,2026-07-08T13:30:35.722872,
e35ea3f581a18536,https://td.linkedin.com/jobs/view/orderpicker-regio-deerlijk-dagwerk-studentjob-be-at-jobster-4437046234,Orderpicker | regio Deerlijk | dagwerk - Studentjob.be,,scraped,2026-07-08T13:30:42.644017,
5312ae0568351a91,https://td.linkedin.com/jobs/view/support-officer-studentjob-be-at-jobster-4437049203,Support Officer - Studentjob.be,,scraped,2026-07-08T13:30:49.380875,
98ab75fcffa040da,https://td.linkedin.com/jobs/view/business-developer-international-markets-studentjob-be-at-jobster-4437040394,Business developer- International Markets - Studentjob.be,,scraped,2026-07-08T13:30:56.134394,
972ed56f07d75bf7,https://td.linkedin.com/jobs/view/expediteur-life-science-healthcare-2-thuiswerkdagen-studentjob-be-at-jobster-4437029890,Expediteur Life Science & Healthcare (2 thuiswerkdagen) - Studentjob.be,,scraped,2026-07-08T13:31:03.026221,
6ac3dd0c6d035882,https://td.linkedin.com/jobs/view/warehouse-worker-nederlands-engels-studentjob-be-at-jobster-4437031706,Warehouse Worker (Nederlands - Engels) - Studentjob.be,,scraped,2026-07-08T13:31:09.872881,
4d992059ef4231ef,https://td.linkedin.com/jobs/view/finance-administration-officer-holding-internationale-studentjob-be-at-jobster-4437038497,Finance & Administration Officer Holding Internationale - Studentjob.be,,scraped,2026-07-08T13:31:16.718316,
b3cba03798e06cd0,https://td.linkedin.com/jobs/view/finance-administration-officer-holding-internationale-studentjob-be-at-jobster-4437042338,Finance & Administration Officer Holding Internationale - Studentjob.be,,scraped,2026-07-08T13:31:24.136011,
da5a08f43ff2d8ab,https://td.linkedin.com/jobs/view/customer-service-representative-studentjob-be-at-jobster-4437029860,Customer Service Representative - Studentjob.be,,scraped,2026-07-08T13:31:30.794385,
0ce923df2ae6407a,https://td.linkedin.com/jobs/view/headhunter-recruiter-studentjob-be-at-jobster-4437027903,Headhunter / Recruiter - Studentjob.be,,scraped,2026-07-08T13:31:40.033373,
fc8ee534f0a40a56,https://td.linkedin.com/jobs/view/junior-laborant-studentjob-be-at-jobster-4437045172,Junior Laborant - Studentjob.be,,scraped,2026-07-08T13:31:47.098395,
668ad909f3937968,https://td.linkedin.com/jobs/view/administratief-medewerker-finance-hr-desteldonk-studentjob-be-at-jobster-4437034668,Administratief medewerker Finance & HR - Desteldonk - Studentjob.be,,scraped,2026-07-08T13:31:54.021221,
00e1f0a3487cedfd,https://td.linkedin.com/jobs/view/comptable-junior-%E2%82%AC2-700-par-mois-studentjob-be-at-jobster-4437044387,Comptable Junior - €2.700 Par Mois - Studentjob.be,,scraped,2026-07-08T13:32:00.914986,
86dfdaf1b4b7a567,https://td.linkedin.com/jobs/view/junior-accountant-studentjob-be-at-jobster-4437027853,Junior Accountant - Studentjob.be,,scraped,2026-07-08T13:32:09.616784,
367927f3de0a300f,https://td.linkedin.com/jobs/view/hr-stage-studentjob-be-at-jobster-4437045284,HR stage - Studentjob.be,,scraped,2026-07-08T13:32:16.422048,
b6cb5a31da93da28,https://td.linkedin.com/jobs/view/student-schoonmaak-m-v-x-studentjob-be-at-jobster-4437031658,Student schoonmaak M/V/X - Studentjob.be,,scraped,2026-07-08T13:32:23.425920,
9f4cff484b5c160b,https://td.linkedin.com/jobs/view/chauffeur-m-v-ce-studentjob-be-at-jobster-4437029802,Chauffeur (m/v) CE - Studentjob.be,,scraped,2026-07-08T13:32:30.248224,
8df5a3460367f256,https://td.linkedin.com/jobs/view/project-coordinator-junior-life-sciences-studentjob-be-at-jobster-4437029809,Project coordinator - Junior | Life Sciences - Studentjob.be,,scraped,2026-07-08T13:32:37.378103,
3fde71576e5cea95,https://td.linkedin.com/jobs/view/project-coordinator-junior-life-sciences-studentjob-be-at-jobster-4437036547,Project coordinator - Junior | Life Sciences - Studentjob.be,,scraped,2026-07-08T13:32:44.077881,
a9b085fd1f02d032,https://td.linkedin.com/jobs/view/project-coordinator-junior-life-sciences-studentjob-be-at-jobster-4437034544,Project coordinator - Junior | Life Sciences - Studentjob.be,,scraped,2026-07-08T13:32:51.061444,
dd15bc7729ec3799,https://td.linkedin.com/jobs/view/junior-accountancy-advisor-studentjob-be-at-jobster-4437028858,Junior accountancy advisor - Studentjob.be,,scraped,2026-07-08T13:32:59.806230,
3d949745c76d4dfc,https://td.linkedin.com/jobs/view/customer-service-inside-sales-officer-fr-nl-en-studentjob-be-at-jobster-4437033685,Customer service & Inside sales officer FR/NL/EN - Studentjob.be,,scraped,2026-07-08T13:33:06.631256,
ab0cef97621aa3d9,https://td.linkedin.com/jobs/view/customer-service-inside-sales-officer-fr-nl-en-studentjob-be-at-jobster-4437046278,Customer service & Inside sales officer FR/NL/EN - Studentjob.be,,scraped,2026-07-08T13:33:13.498562,
bde00d0dd775476a,https://td.linkedin.com/jobs/view/junior-accounting-administrator-regio-deerlijk-studentjob-be-at-jobster-4437045291,Junior Accounting administrator | regio Deerlijk - Studentjob.be,,scraped,2026-07-08T13:33:20.411477,
ef1037a6818d7569,https://td.linkedin.com/jobs/view/analyst-student-placement-studentjob-be-at-jobster-4437023950,Analyst Student Placement - Studentjob.be,,scraped,2026-07-08T13:33:27.147238,
cd98ee448671f45e,https://td.linkedin.com/jobs/view/allround-sales-assistant-studentjob-be-at-jobster-4437028803,Allround Sales Assistant - Studentjob.be,,scraped,2026-07-08T13:33:34.084870,
7b2c83b75599a73a,https://td.linkedin.com/jobs/view/receptionist-nederlands-studentjob-be-at-jobster-4437034492,Receptionist nederlands. - Studentjob.be,,scraped,2026-07-08T13:33:40.816242,
77e35aa4601e3617,https://td.linkedin.com/jobs/view/junior-financial-account-officer-target-services-x-m-v-x-studentjob-be-at-jobster-4437039446,Junior Financial account officer - TARGET services /X) M/V/X - Studentjob.be,,scraped,2026-07-08T13:33:47.932210,
5a4d1901cd0aa1f4,https://td.linkedin.com/jobs/view/hulpkok-zelfstandig-werken-hotel-zuienkerke-voltijds-studentjob-be-at-jobster-4437033490,Hulpkok | Zelfstandig Werken | Hotel Zuienkerke | Voltijds - Studentjob.be,,scraped,2026-07-08T13:33:54.718568,
5e2ef7c90bd8d285,https://td.linkedin.com/jobs/view/nachtreceptionist-m-v-x-studentjob-be-at-jobster-4437048048,Nachtreceptionist m/v/x - Studentjob.be,,scraped,2026-07-08T13:34:01.855221,
00b006f685fcb935,https://td.linkedin.com/jobs/view/barista-polyvalent-iss-catering-zaventem-studentjob-be-at-jobster-4437024996,Barista polyvalent | Iss catering | Zaventem - Studentjob.be,,scraped,2026-07-08T13:34:08.684662,
a194ba5a840286f5,https://td.linkedin.com/jobs/view/barista-polyvalent-iss-catering-zaventem-studentjob-be-at-jobster-4437032656,Barista polyvalent | Iss catering | Zaventem - Studentjob.be,,scraped,2026-07-08T13:34:15.481039,
b118188f65fe5543,https://td.linkedin.com/jobs/view/customer-support-engineer-studentjob-be-at-jobster-4437034572,Customer Support Engineer - Studentjob.be,,scraped,2026-07-08T13:34:22.241127,
765e0ff0221e1f25,https://td.linkedin.com/jobs/view/nachtreceptionist-m-v-x-studentjob-be-at-jobster-4437045159,Nachtreceptionist M/V/X - Studentjob.be,,scraped,2026-07-08T13:34:29.104805,
88c0591209a72488,https://td.linkedin.com/jobs/view/international-service-engineer-studentjob-be-at-jobster-4437034468,International Service Engineer - Studentjob.be,,scraped,2026-07-08T13:34:35.862697,
7811d99d7e64c82d,https://td.linkedin.com/jobs/view/stage-calculator-studentjob-be-at-jobster-4437032663,Stage Calculator - Studentjob.be,,scraped,2026-07-08T13:34:42.697971,
b2fb0aa8b61098be,https://td.linkedin.com/jobs/view/internal-technical-advisor-studentjob-be-at-jobster-4436561445,Internal technical advisor - Studentjob.be,,scraped,2026-07-08T13:34:49.355957,
f0174ee9c3f71b52,https://td.linkedin.com/jobs/view/visual-merchandiser-v-m-x-c-a-antwerpen-meir-35u-studentjob-be-at-jobster-4437038496,"Visual Merchandiser (V,M,X) - C&A Antwerpen Meir 35u - Studentjob.be",,scraped,2026-07-08T13:34:56.413334,
a436190aedcb0f2c,https://td.linkedin.com/jobs/view/junior-tax-and-or-accounting-associate-start-september-2026-in-ghent%21-studentjob-be-at-jobster-4437040510,Junior Tax and/or Accounting Associate - Start September 2026 in Ghent! - Studentjob.be,,scraped,2026-07-08T13:35:03.271400,
16d652ae9a2fbf71,https://td.linkedin.com/jobs/view/inside-sales-junior-studentjob-be-at-jobster-4437040300,Inside Sales (Junior) - Studentjob.be,,scraped,2026-07-08T13:35:10.170801,
c5a67ed5ac91f52d,https://td.linkedin.com/jobs/view/hulpkok-zelfstandig-werken-hotel-zuienkerke-voltijds-studentjob-be-at-jobster-4437034584,Hulpkok | zelfstandig werken | Hotel Zuienkerke | voltijds - Studentjob.be,,scraped,2026-07-08T13:35:16.968761,
8bd9a90fbaf4fa10,https://td.linkedin.com/jobs/view/dossierbeheerder-van-junior-tot-vennoot%21-studentjob-be-at-jobster-4437048103,Dossierbeheerder: van junior tot vennoot! - Studentjob.be,,scraped,2026-07-08T13:35:23.825601,
9beafdf2495e16bf,https://td.linkedin.com/jobs/view/hr-stage-hbo-studentjob-be-at-jobster-4437044346,HR Stage HBO - Studentjob.be,,scraped,2026-07-08T13:35:32.808903,
d0d8174aef6b36a2,https://td.linkedin.com/jobs/view/customer-service-representative-ro-m-v-x-studentjob-be-at-jobster-4437032689,Customer Service Representative RO (m/v/x) - Studentjob.be,,scraped,2026-07-08T13:35:39.700195,
58d3318170d61cee,https://td.linkedin.com/jobs/view/junior-administratief-medewerker-studentjob-be-at-jobster-4437047239,Junior administratief medewerker - Studentjob.be,,scraped,2026-07-08T13:35:46.621214,
e883b7d12927344b,https://td.linkedin.com/jobs/view/dovesco-private-equity-internship-program-studentjob-be-at-jobster-4437042317,Dovesco Private Equity Internship Program - Studentjob.be,,scraped,2026-07-08T13:35:53.454360,
63e877d7d55ba58d,https://td.linkedin.com/jobs/view/allround-magazijnmedewerker-in-dagdienst-studentjob-be-at-jobster-4437048217,Allround magazijnmedewerker in dagdienst - Studentjob.be,,scraped,2026-07-08T13:36:00.695207,
3a6b6a2dc1f8b16d,https://td.linkedin.com/jobs/view/sales-support-products-studentjob-be-at-jobster-4437050078,Sales support products - Studentjob.be,,scraped,2026-07-08T13:36:07.434364,
7de350caa5b650ea,https://td.linkedin.com/jobs/view/productiemedewerker-waterschotten-studentjob-be-at-jobster-4437027900,Productiemedewerker waterschotten - Studentjob.be,,scraped,2026-07-08T13:36:14.279781,
ef58f23714003da6,https://td.linkedin.com/jobs/view/international-application-engineer-m-w-d-studentjob-be-at-jobster-4437048182,International Application Engineer (m/w/d) - Studentjob.be,,scraped,2026-07-08T13:36:21.365241,
7f4ab84c4d43e7f4,https://td.linkedin.com/jobs/view/technical-support-engineer-studentjob-be-at-jobster-4437045296,Technical Support Engineer - Studentjob.be,,scraped,2026-07-08T13:36:28.348453,
3c8cb71ac0fff053,https://td.linkedin.com/jobs/view/technical-support-engineer-studentjob-be-at-jobster-4437035600,Technical Support Engineer - Studentjob.be,,scraped,2026-07-08T13:36:35.083267,
576e46cf4ab607fe,https://td.linkedin.com/jobs/view/chauffeur-be-vestiging-evergem-studentjob-be-at-jobster-4437048226,Chauffeur BE - vestiging Evergem - Studentjob.be,,scraped,2026-07-08T13:36:41.756559,
8e93a3f7c2544bd6,https://td.linkedin.com/jobs/view/chauffeur-be-vestiging-evergem-studentjob-be-at-jobster-4437048211,Chauffeur BE - vestiging Evergem - Studentjob.be,,scraped,2026-07-08T13:36:48.572206,
5e106f932ec51870,https://td.linkedin.com/jobs/view/customer-service-wetteren-vast-contract-studentjob-be-at-jobster-4437025984,Customer Service | Wetteren | Vast Contract - Studentjob.be,,scraped,2026-07-08T13:36:57.353499,
a3da9a7b402c78f4,https://td.linkedin.com/jobs/view/junior-calculator-studentjob-be-at-jobster-4436835250,Junior calculator - Studentjob.be,,scraped,2026-07-08T13:37:04.595508,
3272393967e1f7a2,https://td.linkedin.com/jobs/view/shiftleider-vulploeg-35u-pelt-studentjob-be-at-jobster-4437027756,Shiftleider | vulploeg | 35u | Pelt - Studentjob.be,,scraped,2026-07-08T13:37:11.319558,
612fd3b251ffc7fa,https://td.linkedin.com/jobs/view/international-accountant-studentjob-be-at-jobster-4437041234,International Accountant - Studentjob.be,,scraped,2026-07-08T13:37:18.218711,
dfbcf7c6dc7fb740,https://td.linkedin.com/jobs/view/kwaliteitsverantwoordelijke-voeding-internationaal-studentjob-be-at-jobster-4437043392,Kwaliteitsverantwoordelijke Voeding - Internationaal - Studentjob.be,,scraped,2026-07-08T13:37:25.147778,
26e33d56f4d46676,https://td.linkedin.com/jobs/view/junior-statisticus-econoom-v-m-x-studentjob-be-at-jobster-4437041416,Junior Statisticus-Econoom (V/M/X) - Studentjob.be,,scraped,2026-07-08T13:37:32.277338,
b2edd51c1ca0e3e0,https://td.linkedin.com/jobs/view/magazijnier-orderpicker-studentjob-be-at-jobster-4437050099,Magazijnier / orderpicker - Studentjob.be,,scraped,2026-07-08T13:37:39.105518,
aa0156eca8aa493f,https://td.linkedin.com/jobs/view/junior-accountant-studentjob-be-at-jobster-4437027785,Junior Accountant - Studentjob.be,,scraped,2026-07-08T13:37:45.933096,
ab91d05573a55b9e,https://td.linkedin.com/jobs/view/junior-accountant-studentjob-be-at-jobster-4436569211,Junior Accountant - Studentjob.be,,scraped,2026-07-08T13:37:52.648625,
1164bb32d28c864f,https://td.linkedin.com/jobs/view/junior-accountant-studentjob-be-at-jobster-4437046147,Junior Accountant - Studentjob.be,,scraped,2026-07-08T13:38:01.400446,
8c892adcf0b4357c,https://td.linkedin.com/jobs/view/accountant-twee-dagen-thuiswerk-studentjob-be-at-jobster-4437036482,Accountant | Twee Dagen Thuiswerk - Studentjob.be,,scraped,2026-07-08T13:38:08.184394,
ac11815617396f65,https://td.linkedin.com/jobs/view/chauffeur-rijbewijs-c-studentjob-be-at-jobster-4437033501,Chauffeur Rijbewijs C - Studentjob.be,,scraped,2026-07-08T13:38:15.296503,
8d955401e226256c,https://td.linkedin.com/jobs/view/chauffeur-b-distributie-vlees-%E2%82%AC13-9-per-uur-studentjob-be-at-jobster-4437037461,"Chauffeur B Distributie Vlees - €13,9 Per Uur - Studentjob.be",,scraped,2026-07-08T13:38:22.042411,
677f26fbf65e84a9,https://td.linkedin.com/jobs/view/junior-sales-assistant-regio-meulebeke-studentjob-be-at-jobster-4437050033,Junior Sales Assistant | Regio Meulebeke - Studentjob.be,,scraped,2026-07-08T13:38:28.824236,
6841d58e36922174,https://td.linkedin.com/jobs/view/parttime-hulpboekhouder-studentjob-be-at-jobster-4437031619,Parttime Hulpboekhouder - Studentjob.be,,scraped,2026-07-08T13:38:37.556576,
88e63e3c0a85b277,https://td.linkedin.com/jobs/view/marketing-intern-studentjob-be-at-jobster-4437027837,Marketing Intern - Studentjob.be,,scraped,2026-07-08T13:38:44.599258,
9cd9495a208dc6cf,https://td.linkedin.com/jobs/view/internship-sales-coordinator-h-f-studentjob-be-at-jobster-4437048174,Internship - Sales coordinator H/F - Studentjob.be,,scraped,2026-07-08T13:38:51.512314,
d3a23d9883544104,https://td.linkedin.com/jobs/view/business-developer-internationale-scale-up-in-de-maritieme-sector-studentjob-be-at-jobster-4437032654,Business Developer - Internationale Scale-Up in de Maritieme Sector - Studentjob.be,,scraped,2026-07-08T13:38:58.357054,
260e3c97f7b9ea88,https://td.linkedin.com/jobs/view/business-developer-internationale-scale-up-in-de-maritieme-sector-studentjob-be-at-jobster-4437029780,Business Developer - Internationale Scale-Up in de Maritieme Sector - Studentjob.be,,scraped,2026-07-08T13:39:05.138895,
ed8f61061065a5aa,https://td.linkedin.com/jobs/view/administratieve-productiemedewerker-m-v-studentjob-be-at-jobster-4437025975,Administratieve productiemedewerker (m/v) - Studentjob.be,,scraped,2026-07-08T13:39:11.953505,
88f8c12fe57ac684,https://td.linkedin.com/jobs/view/junior-accountant-studentjob-be-at-jobster-4437040403,Junior Accountant - Studentjob.be,,scraped,2026-07-08T13:39:20.744084,
bd2e8bbac4e287b3,https://td.linkedin.com/jobs/view/product-support-engineer-studentjob-be-at-jobster-4437046237,Product Support Engineer - Studentjob.be,,scraped,2026-07-08T13:39:27.889829,
f93e7d5134c574b9,https://td.linkedin.com/jobs/view/junior-ap-accountant-studentjob-be-at-jobster-4437036525,Junior Ap Accountant - Studentjob.be,,scraped,2026-07-08T13:39:36.742628,
f907bd7844eeb2ce,https://td.linkedin.com/jobs/view/vacature-jobstudent-weekendbegeleider-collectieve-woonondersteuning-8u-studentjob-be-at-jobster-4437040478,VACATURE JOBSTUDENT WEEKENDBEGELEIDER COLLECTIEVE WOONONDERSTEUNING (8u) - Studentjob.be,,scraped,2026-07-08T13:39:43.600365,
236411730a7736c4,https://td.linkedin.com/jobs/view/customer-service-medewerker-%E2%82%AC3-000-%E2%82%AC3-600-per-maand-studentjob-be-at-jobster-4437034673,Customer Service Medewerker - €3.000 - €3.600 Per Maand - Studentjob.be,,scraped,2026-07-08T13:39:50.614710,
d84b9f72060db766,https://td.linkedin.com/jobs/view/customer-service-medewerker-%E2%82%AC3-000-%E2%82%AC3-600-per-maand-studentjob-be-at-jobster-4437033573,Customer Service Medewerker - €3.000 - €3.600 Per Maand - Studentjob.be,,scraped,2026-07-08T13:39:58.159174,
da4577787010ee46,https://td.linkedin.com/jobs/view/jobstudent-stadsbader-studentjob-be-at-jobster-4437045292,JOBSTUDENT STADSBADER - Studentjob.be,,scraped,2026-07-08T13:40:04.989083,
16c1a00840ab42d4,https://td.linkedin.com/jobs/view/internal-sales-representative-studentjob-be-at-jobster-4437034649,Internal sales representative - Studentjob.be,,scraped,2026-07-08T13:40:11.741878,
e8d1acf6a0a665ae,https://td.linkedin.com/jobs/view/internal-sales-representative-studentjob-be-at-jobster-4437047104,Internal sales representative - Studentjob.be,,scraped,2026-07-08T13:40:18.581054,
e940e11a4fa05e78,https://td.linkedin.com/jobs/view/internal-sales-representative-studentjob-be-at-jobster-4437030848,Internal sales representative - Studentjob.be,,scraped,2026-07-08T13:40:25.316288,
fdaa61795bebab4f,https://td.linkedin.com/jobs/view/internal-sales-representative-studentjob-be-at-jobster-4437036496,Internal sales representative - Studentjob.be,,scraped,2026-07-08T13:40:32.055607,
c36e6c5293fef2d8,https://td.linkedin.com/jobs/view/internal-sales-kortemark-vast-contract-studentjob-be-at-jobster-4437043391,Internal Sales | Kortemark | Vast Contract - Studentjob.be,,scraped,2026-07-08T13:40:39.212809,
3b26f263c094eef9,https://td.linkedin.com/jobs/view/orderpicker-met-ervaring-studentjob-be-at-jobster-4437046167,Orderpicker Met Ervaring - Studentjob.be,,scraped,2026-07-08T13:40:47.951117,
c3592234853baa20,https://td.linkedin.com/jobs/view/productiemedewerker-studentjob-be-at-jobster-4437030845,Productiemedewerker - Studentjob.be,,scraped,2026-07-08T13:40:54.750465,
90523ccd913566b2,https://td.linkedin.com/jobs/view/international-service-engineer-studentjob-be-at-jobster-4437040281,International Service Engineer - Studentjob.be,,scraped,2026-07-08T13:41:01.617706,
99fc2501edeff898,https://td.linkedin.com/jobs/view/customer-service-studentjob-be-at-jobster-4437027825,Customer service - Studentjob.be,,scraped,2026-07-08T13:41:08.790788,
77b6a18ddeb7e6eb,https://td.linkedin.com/jobs/view/animateur-trice-musical-h-f-x-studentjob-be-at-jobster-4437030660,Animateur(trice) musical (H/F/X) - Studentjob.be,,scraped,2026-07-08T13:41:15.686285,
4e39fe4ca1d567d2,https://td.linkedin.com/jobs/view/junior-software-technician-studentjob-be-at-jobster-4437034453,Junior software technician - Studentjob.be,,scraped,2026-07-08T13:41:24.514493,
c0da114147667940,https://td.linkedin.com/jobs/view/junior-developpeur-java-studentjob-be-at-jobster-4437039364,JUNIOR DEVELOPPEUR JAVA - Studentjob.be,,scraped,2026-07-08T13:41:31.295764,
6310a79d0709f20f,https://td.linkedin.com/jobs/view/customer-service-medewerker-3500-bruto-melsele-thuiswerk-studentjob-be-at-jobster-4437041282,Customer Service Medewerker - 3500 bruto - Melsele - thuiswerk - Studentjob.be,,scraped,2026-07-08T13:41:38.188723,
760f37228278d0aa,https://td.linkedin.com/jobs/view/inside-sales-assistant-studentjob-be-at-jobster-4437035645,Inside sales assistant - Studentjob.be,,scraped,2026-07-08T13:41:46.994294,
de07135bb5b9f6fb,https://td.linkedin.com/jobs/view/international-accountant-vat-month%E2%80%91end-hybrid-studentjob-be-at-jobster-4437043371,International Accountant - VAT & Month‑End (Hybrid) - Studentjob.be,,scraped,2026-07-08T13:41:54.131336,
180da26212bdb688,https://td.linkedin.com/jobs/view/junior-electrical-project-engineer-eplan-studentjob-be-at-jobster-4437051069,Junior Electrical Project Engineer EPLAN - Studentjob.be,,scraped,2026-07-08T13:42:01.032550,
65cc4ba6eb99c245,https://td.linkedin.com/jobs/view/administratief-medewerker-studentjob-be-at-jobster-4437051076,Administratief medewerker - Studentjob.be,,scraped,2026-07-08T13:42:07.858897,
2b51f18778cda2c3,https://td.linkedin.com/jobs/view/financial-controller-intern-studentjob-be-at-jobster-4437028881,Financial Controller - Intern - Studentjob.be,,scraped,2026-07-08T13:42:14.658392,
67b2de647267e95c,https://td.linkedin.com/jobs/view/verkoper-verkoopster-groenten-fruit-dranken-voltijds-brakel-studentjob-be-at-jobster-4437049043,"Verkoper/Verkoopster | Groenten&Fruit, Dranken | Voltijds | Brakel - Studentjob.be",,scraped,2026-07-08T13:42:21.776591,
20f45e95425bedc8,https://td.linkedin.com/jobs/view/internal-sales-benelux-studentjob-be-at-jobster-4437044199,Internal Sales Benelux - Studentjob.be,,scraped,2026-07-08T13:42:28.926976,
205a8e036ceafdbd,https://td.linkedin.com/jobs/view/recruiter-leuven-studentjob-be-at-jobster-4437043272,Recruiter Leuven - Studentjob.be,,scraped,2026-07-08T13:42:35.847250,
42c1b6ddb3c4d15e,https://td.linkedin.com/jobs/view/productiemedewerker-studentjob-be-at-jobster-4437046117,Productiemedewerker - Studentjob.be,,scraped,2026-07-08T13:42:42.937931,
904df52125bb8e01,https://td.linkedin.com/jobs/view/inpakmedewerker-%E2%82%AC15-6-per-uur-studentjob-be-at-jobster-4437031635,"Inpakmedewerker - €15,6 Per Uur - Studentjob.be",,scraped,2026-07-08T13:42:49.666380,
e0b46cf599b1dff1,https://td.linkedin.com/jobs/view/customer-service-medewerker-studentjob-be-at-jobster-4437027776,Customer Service Medewerker - Studentjob.be,,scraped,2026-07-08T13:42:56.460320,
9d7dcde1b2a48a44,https://td.linkedin.com/jobs/view/productiemedewerker-studentjob-be-at-jobster-4437048055,Productiemedewerker - Studentjob.be,,scraped,2026-07-08T13:43:03.544971,
04e83f02efd5d6d7,https://td.linkedin.com/jobs/view/autoverkoper-studentjob-be-at-jobster-4437039493,Autoverkoper - Studentjob.be,,scraped,2026-07-08T13:43:10.449156,
a1f37925cf2044a6,https://td.linkedin.com/jobs/view/magazijnmedewerker-studentjob-be-at-jobster-4437037446,Magazijnmedewerker - Studentjob.be,,scraped,2026-07-08T13:43:17.257464,
8c5a3a36d7ac416e,https://td.linkedin.com/jobs/view/customer-service-medewerker-studentjob-be-at-jobster-4437029877,Customer Service medewerker - Studentjob.be,,scraped,2026-07-08T13:43:24.355065,
c8f31b13bc75702b,https://td.linkedin.com/jobs/view/wto-trade-law-associate-international-practice-studentjob-be-at-jobster-4437031699,WTO Trade Law Associate - International Practice - Studentjob.be,,scraped,2026-07-08T13:43:31.778122,
85b13c667ecfe082,https://td.linkedin.com/jobs/view/technicien-ne-junior-audio-vid%C3%A9o-f-h-x-studentjob-be-at-jobster-4437028715,Technicien(ne) junior Audio-vidéo (F/H/X) - Studentjob.be,,scraped,2026-07-08T13:43:40.477525,
8e4ffe9243a49482,https://td.linkedin.com/jobs/view/junior-bouwprofiel-studentjob-be-at-jobster-4437045229,Junior bouwprofiel - Studentjob.be,,scraped,2026-07-08T13:43:47.148010,
366f87a8ed8e0e97,https://td.linkedin.com/jobs/view/young-graduate-proces-and-project-engineer-studentjob-be-at-jobster-4437043363,Young Graduate Proces and Project Engineer - Studentjob.be,,scraped,2026-07-08T13:43:54.824096,
cbbae0eb7e898c95,https://td.linkedin.com/jobs/view/customer-service-medewerker-export-studentjob-be-at-jobster-4437046266,Customer Service Medewerker Export - Studentjob.be,,scraped,2026-07-08T13:44:01.623563,
b602fbc9dd15ac46,https://td.linkedin.com/jobs/view/sales-support-studentjob-be-at-jobster-4437030800,Sales Support - Studentjob.be,,scraped,2026-07-08T13:44:08.409346,
04ac9048d4fc80bf,https://td.linkedin.com/jobs/view/business-developer-internationale-scale-up-in-de-maritieme-sector-studentjob-be-at-jobster-4437031554,Business Developer - Internationale Scale-Up in de Maritieme Sector - Studentjob.be,,scraped,2026-07-08T13:44:15.510508,
142ce59c492eb78c,https://td.linkedin.com/jobs/view/business-developer-internationale-scale-up-in-de-maritieme-sector-studentjob-be-at-jobster-4437037423,Business Developer - Internationale Scale-Up in de Maritieme Sector - Studentjob.be,,scraped,2026-07-08T13:44:22.381928,
4730eeccd55d78d4,https://td.linkedin.com/jobs/view/tweetalig-outbound-agent-kbc-niet-commercieel-studentjob-be-at-jobster-4437025912,Tweetalig Outbound Agent KBC niet commercieel - Studentjob.be,,scraped,2026-07-08T13:44:29.208397,
a8044e4297920a5e,https://td.linkedin.com/jobs/view/customer-service-medewerker-studentjob-be-at-jobster-4437029885,Customer service medewerker - Studentjob.be,,scraped,2026-07-08T13:44:35.923016,
4e73cf435332c85a,https://td.linkedin.com/jobs/view/accountant-met-thuiswerk-studentjob-be-at-jobster-4437042272,Accountant met thuiswerk - Studentjob.be,,scraped,2026-07-08T13:44:43.055566,
56ba33dbea5cfbcb,https://td.linkedin.com/jobs/view/chef-d-%C3%A9quipe-de-support-client-studentjob-be-at-jobster-4437045241,Chef d'équipe de support client - Studentjob.be,,scraped,2026-07-08T13:44:49.776844,
f5c16ccc52a762ac,https://td.linkedin.com/jobs/view/maaltijdbezorger-studentjob-be-at-jobster-4437041374,Maaltijdbezorger - Studentjob.be,,scraped,2026-07-08T13:44:56.525157,
61db051191f332c4,https://td.linkedin.com/jobs/view/stage-business-controller-studentjob-be-at-jobster-4437039386,Stage Business Controller - Studentjob.be,,scraped,2026-07-08T13:45:03.196729,
09d017c266352b45,https://td.linkedin.com/jobs/view/verkoper-groenten-fruit-studentjob-be-at-jobster-4437032587,Verkoper Groenten & Fruit - Studentjob.be,,scraped,2026-07-08T13:45:09.976812,
852e00a8bef70585,https://td.linkedin.com/jobs/view/it-support-engineer-studentjob-be-at-jobster-4437042362,IT Support Engineer - Studentjob.be,,scraped,2026-07-08T13:45:16.743559,
ede0bedbce975306,https://td.linkedin.com/jobs/view/junior-accountant-vanaf-%E2%82%AC2-600-bruto-wagen-%2B-tankkaart-studentjob-be-at-jobster-4437041437,Junior Accountant | Vanaf €2.600 Bruto | Wagen + Tankkaart - Studentjob.be,,scraped,2026-07-08T13:45:23.877280,
fd6eb75cffcad0a1,https://td.linkedin.com/jobs/view/customer-service-medewerker-export-studentjob-be-at-jobster-4437028794,Customer Service Medewerker Export - Studentjob.be,,scraped,2026-07-08T13:45:30.606123,
4088478317724823,https://td.linkedin.com/jobs/view/junior-beleggingsadviseur-studentjob-be-at-jobster-4437025994,Junior Beleggingsadviseur - Studentjob.be,,scraped,2026-07-08T13:45:39.323596,
53221658dc0431ec,https://td.linkedin.com/jobs/view/junior-dossierbeheerder-accountancy-studentjob-be-at-jobster-4437035569,Junior Dossierbeheerder Accountancy - Studentjob.be,,scraped,2026-07-08T13:45:45.996008,
97185632bd471c32,https://td.linkedin.com/jobs/view/ce-chauffeur-studentjob-be-at-jobster-4437031735,CE Chauffeur - Studentjob.be,,scraped,2026-07-08T13:45:53.192177,
bd953f22049c3bb0,https://td.linkedin.com/jobs/view/digital-content-marketing-medewerker-studentjob-be-at-jobster-4437028865,Digital Content & Marketing Medewerker - Studentjob.be,,scraped,2026-07-08T13:45:59.913176,
38d2572d9218f99a,https://td.linkedin.com/jobs/view/junior-calculator-studentjob-be-at-jobster-4437044351,Junior Calculator - Studentjob.be,,scraped,2026-07-08T13:46:06.667934,
6d27cfb6f1a5d866,https://td.linkedin.com/jobs/view/junior-technieker-audio-video-v-m-x-studentjob-be-at-jobster-4437045197,Junior Technieker Audio-Video (V/M/X) - Studentjob.be,,scraped,2026-07-08T13:46:13.502864,
735387fec3e46728,https://td.linkedin.com/jobs/view/product-engineer-graduate-engineer-studentjob-be-at-jobster-4437044338,Product Engineer / Graduate Engineer - Studentjob.be,,scraped,2026-07-08T13:46:20.300996,
14bf6fd52f7398ba,https://td.linkedin.com/jobs/view/technical-customer-support-hvac-met-bedrijfswagen-studentjob-be-at-jobster-4437028828,Technical Customer Support HVAC met bedrijfswagen - Studentjob.be,,scraped,2026-07-08T13:46:27.124113,
9e566d22612dac8b,https://td.linkedin.com/jobs/view/technical-customer-support-hvac-met-bedrijfswagen-studentjob-be-at-jobster-4437039342,Technical Customer Support HVAC met bedrijfswagen - Studentjob.be,,scraped,2026-07-08T13:46:34.035265,
2d8e4a6754547436,https://td.linkedin.com/jobs/view/chauffeur-euse-collecte-studentjob-be-at-jobster-4437031640,Chauffeur(euse) collecte - Studentjob.be,,scraped,2026-07-08T13:46:40.794699,
a4a3b5aef7647308,https://td.linkedin.com/jobs/view/electrical-designers%2B-traineeship-studentjob-be-at-jobster-4437048195,Electrical Designers+ Traineeship - Studentjob.be,,scraped,2026-07-08T13:46:47.459687,
a7e21674b0a1303e,https://td.linkedin.com/jobs/view/comptable-stage-h-f-studentjob-be-at-jobster-4437037448,Comptable - Stage H/F - Studentjob.be,,scraped,2026-07-08T13:46:54.188903,
74cba3dbf30cc8d0,https://td.linkedin.com/jobs/view/customer-service-medewerker-studentjob-be-at-jobster-4437048143,Customer Service Medewerker - Studentjob.be,,scraped,2026-07-08T13:47:01.270633,
71690ff15dfabf3d,https://td.linkedin.com/jobs/view/it-support-engineer-nl%2Bfr-studentjob-be-at-jobster-4437048078,IT Support Engineer | NL+FR - Studentjob.be,,scraped,2026-07-08T13:47:08.056043,
7b3f1bc7939d0e6d,https://td.linkedin.com/jobs/view/junior-projectingenieur-studentjob-be-at-jobster-4437045104,Junior Projectingenieur - Studentjob.be,,scraped,2026-07-08T13:47:14.844610,
f24850bdcec177a1,https://td.linkedin.com/jobs/view/technical-support-engineer-studentjob-be-at-jobster-4437030753,Technical Support Engineer - Studentjob.be,,scraped,2026-07-08T13:47:21.587251,
05fe794c85e21476,https://td.linkedin.com/jobs/view/customer-service-franse-markt-studentjob-be-at-jobster-4437032667,Customer Service Franse markt - Studentjob.be,,scraped,2026-07-08T13:47:28.459303,
9616a87fd23a94f8,https://td.linkedin.com/jobs/view/verkoper-ramen-en-deuren-erpe-mere-firmawagen-studentjob-be-at-jobster-4437037409,Verkoper ramen en deuren | Erpe-Mere | firmawagen - Studentjob.be,,scraped,2026-07-08T13:47:35.140345,
486d38d3387f4c89,https://td.linkedin.com/jobs/view/administratief-medewerker-studentjob-be-at-jobster-4437042380,Administratief Medewerker - Studentjob.be,,scraped,2026-07-08T13:47:42.220354,
e23bcda089fe342b,https://td.linkedin.com/jobs/view/productiemedewerker-nacht-studentjob-be-at-jobster-4437034526,Productiemedewerker | Nacht - Studentjob.be,,scraped,2026-07-08T13:47:49.060208,
6ad3c16bcc3bed5b,https://td.linkedin.com/jobs/view/customer-training-support-advisor-studentjob-be-at-jobster-4437037465,Customer Training Support Advisor - Studentjob.be,,scraped,2026-07-08T13:47:55.790506,
1af2f2f2a9182911,https://td.linkedin.com/jobs/view/junior-accountant-groei-door-studentjob-be-at-jobster-4437040405,Junior Accountant | Groei Door - Studentjob.be,,scraped,2026-07-08T13:48:02.562668,
051396290b8b8ee8,https://td.linkedin.com/jobs/view/internal-auditor-studentjob-be-at-jobster-4437037421,Internal Auditor - Studentjob.be,,scraped,2026-07-08T13:48:09.529279,
56678b27f91e4440,https://td.linkedin.com/jobs/view/productiemedewerker-houtschaverij-kruibeke-studentjob-be-at-jobster-4437030703,Productiemedewerker houtschaverij | Kruibeke - Studentjob.be,,scraped,2026-07-08T13:48:16.271017,
b96b06f4e0636146,https://td.linkedin.com/jobs/view/productiemedewerker-houtschaverij-kruibeke-studentjob-be-at-jobster-4437028743,Productiemedewerker houtschaverij | Kruibeke - Studentjob.be,,scraped,2026-07-08T13:48:22.977759,
96027ffc339d1322,https://td.linkedin.com/jobs/view/kassamedewerker-%E2%82%AC12-1-%E2%82%AC14-0-per-uur-studentjob-be-at-jobster-4437047107,"Kassamedewerker - €12,1 - €14,0 Per Uur - Studentjob.be",,scraped,2026-07-08T13:48:29.819867,
be8c169f8797a87c,https://td.linkedin.com/jobs/view/deeltijdse-hulpboekhouder-robert-half-studentjob-be-at-jobster-4437050013,"Deeltijdse hulpboekhouder, Robert Half - Studentjob.be",,scraped,2026-07-08T13:48:36.672260,
dd53952920680777,https://td.linkedin.com/jobs/view/internal-auditor-studentjob-be-at-jobster-4437030697,Internal Auditor - Studentjob.be,,scraped,2026-07-08T13:48:43.379515,
f2cf43148af01299,https://td.linkedin.com/jobs/view/orderpicker-inpakker-snelle-opstart-mechelen-noord-studentjob-be-at-jobster-4437047066,Orderpicker/inpakker | snelle opstart | Mechelen Noord - Studentjob.be,,scraped,2026-07-08T13:48:50.534458,
847e4c2c62b46579,https://td.linkedin.com/jobs/view/junior-marketeer-studentjob-be-at-jobster-4437039390,Junior Marketeer - Studentjob.be,,scraped,2026-07-08T13:48:57.269246,
59955d522773a77e,https://td.linkedin.com/jobs/view/internal-sales-representative-met-bedrijfswagen-studentjob-be-at-jobster-4437050058,Internal Sales Representative | Met Bedrijfswagen - Studentjob.be,,scraped,2026-07-08T13:49:04.120558,
ebbb9bf5f12aa744,https://td.linkedin.com/jobs/view/winkelmedewerker-supermarkt-muizen-studentjob-be-at-jobster-4437034652,Winkelmedewerker | Supermarkt | Muizen - Studentjob.be,,scraped,2026-07-08T13:49:10.965819,
f2610d3ea9d4290d,https://td.linkedin.com/jobs/view/winkelmedewerker-supermarkt-muizen-studentjob-be-at-jobster-4437030862,Winkelmedewerker | Supermarkt | Muizen - Studentjob.be,,scraped,2026-07-08T13:49:17.969678,
473198cce4f92f6d,https://td.linkedin.com/jobs/view/logistiek-medewerker-voicepicker-orderpicker-volvo-group-studentjob-be-at-jobster-4437039508,Logistiek medewerker | voicepicker | orderpicker | Volvo Group - Studentjob.be,,scraped,2026-07-08T13:49:24.764539,
a64567c8030ef004,https://td.linkedin.com/jobs/view/junior-accountant-studentjob-be-at-jobster-4437034494,Junior Accountant - Studentjob.be,,scraped,2026-07-08T13:49:33.482629,
ab12211816b46ac5,https://td.linkedin.com/jobs/view/verkoopmedewerkers-studentjob-be-at-jobster-4437030854,Verkoopmedewerkers - Studentjob.be,,scraped,2026-07-08T13:49:40.266530,
99c4772cf8223541,https://td.linkedin.com/jobs/view/inpakker-2-ploegen-tongeren-studentjob-be-at-jobster-4437039384,Inpakker | 2 Ploegen | Tongeren - Studentjob.be,,scraped,2026-07-08T13:49:47.084791,
a62136e0fcf4eafe,https://td.linkedin.com/jobs/view/commercieel-administratief-medewerker-bedrijfsvastgoed-studentjob-be-at-jobster-4437034643,Commercieel Administratief Medewerker Bedrijfsvastgoed - Studentjob.be,,scraped,2026-07-08T13:49:53.936384,
cb02688f71b96a3b,https://td.linkedin.com/jobs/view/administratief-medewerker-studentjob-be-at-jobster-4437025877,Administratief Medewerker - Studentjob.be,,scraped,2026-07-08T13:50:01.030553,
be05adad69abe1ab,https://td.linkedin.com/jobs/view/comptable-interne-assistant-e-comptable-exp%C3%A9riment%C3%A9-e-studentjob-be-at-jobster-4437050034,Comptable interne / Assistant(e) comptable expérimenté(e) - Studentjob.be,,scraped,2026-07-08T13:50:07.837764,
4f4ad21bce032bb2,https://td.linkedin.com/jobs/view/parttime-boekhouder-studentjob-be-at-jobster-4437045277,Parttime Boekhouder - Studentjob.be,,scraped,2026-07-08T13:50:14.658736,
94877d0f5322426c,https://td.linkedin.com/jobs/view/business-controller-intern-studentjob-be-at-jobster-4437046133,Business Controller Intern - Studentjob.be,,scraped,2026-07-08T13:50:21.430528,
8d92a834957a63ad,https://td.linkedin.com/jobs/view/receptionist-nederlands-studentjob-be-at-jobster-4437048207,Receptionist nederlands. - Studentjob.be,,scraped,2026-07-08T13:50:28.707339,
ca85795657ddda96,https://td.linkedin.com/jobs/view/business-controller-intern-studentjob-be-at-jobster-4437039505,Business Controller Intern - Studentjob.be,,scraped,2026-07-08T13:50:35.528538,
0e9baafa548710f0,https://td.linkedin.com/jobs/view/lader-losser-studentjob-be-at-jobster-4437027836,Lader/losser - Studentjob.be,,scraped,2026-07-08T13:50:42.442263,
ac0cfab3bb9f76a4,https://td.linkedin.com/jobs/view/toonzaalverkoper-sanitair-studentjob-be-at-jobster-4437047119,Toonzaalverkoper Sanitair - Studentjob.be,,scraped,2026-07-08T13:50:49.364063,
20d4536b7da96fce,https://td.linkedin.com/jobs/view/verkoopmedewerker-detailhandel-m-v-studentjob-be-at-jobster-4437046055,Verkoopmedewerker detailhandel (m/v) - Studentjob.be,,scraped,2026-07-08T13:50:56.177831,
e128c0758363cf8b,https://td.linkedin.com/jobs/view/administratief-medewerker-studentjob-be-at-jobster-4437031534,Administratief Medewerker - Studentjob.be,,scraped,2026-07-08T13:51:02.891498,
231f7599aa99c61e,https://td.linkedin.com/jobs/view/internal-sales-medewerker-studentjob-be-at-jobster-4437027811,Internal Sales Medewerker - Studentjob.be,,scraped,2026-07-08T13:51:10.039926,
81e35fa4dcd41f31,https://td.linkedin.com/jobs/view/telephone-support-engineer-studentjob-be-at-jobster-4437034538,Telephone Support Engineer - Studentjob.be,,scraped,2026-07-08T13:51:18.833953,
cc4a2a30b6ac1835,https://td.linkedin.com/jobs/view/customer-support-sales-wemmel-vast-contract-studentjob-be-at-jobster-4437049107,Customer Support Sales | Wemmel | Vast Contract - Studentjob.be,,scraped,2026-07-08T13:51:25.666345,
8edf845e8b7cc26e,https://td.linkedin.com/jobs/view/customer-support-sales-wemmel-vast-contract-studentjob-be-at-jobster-4437049093,Customer Support Sales | Wemmel | Vast Contract - Studentjob.be,,scraped,2026-07-08T13:51:32.435456,
a3e7797155ebbf29,https://td.linkedin.com/jobs/view/magazijnier-m-v-x-tijdelijk-of-jobstudent-studentjob-be-at-jobster-4437031727,Magazijnier (m/v/x) (tijdelijk of jobstudent) - Studentjob.be,,scraped,2026-07-08T13:51:39.500357,
d32eecae65d136e7,https://td.linkedin.com/jobs/view/magazijnier-m-v-x-tijdelijk-of-jobstudent-studentjob-be-at-jobster-4437029738,Magazijnier (m/v/x) (tijdelijk of jobstudent) - Studentjob.be,,scraped,2026-07-08T13:51:46.422138,
d053fef8a11e6122,https://td.linkedin.com/jobs/view/medewerker-bedrijfsbureau-parttime-studentjob-be-at-jobster-4437036634,Medewerker Bedrijfsbureau Parttime - Studentjob.be,,scraped,2026-07-08T13:51:53.591968,
c6a0745eab8218b0,https://td.linkedin.com/jobs/view/business-controller-internationale-groep-i-met-wagen-i-ervaring-a-studentjob-be-at-jobster-4437049125,Business Controller Internationale Groep I met wagen I ervaring a - Studentjob.be,,scraped,2026-07-08T13:52:00.361944,
d56aaef1ec80b9d0,https://td.linkedin.com/jobs/view/technical-advisor-customer-service-studentjob-be-at-jobster-4437047261,Technical Advisor - Customer Service - Studentjob.be,,scraped,2026-07-08T13:52:07.191630,
5a04d766cf10ab13,https://td.linkedin.com/jobs/view/productiemedewerker-voedingssector-voltijds-rijkevorsel-studentjob-be-at-jobster-4437046150,Productiemedewerker Voedingssector | Voltijds | Rijkevorsel - Studentjob.be,,scraped,2026-07-08T13:52:14.029879,
f083e0dda2c51d55,https://td.linkedin.com/jobs/view/vacaturetekst-kort-%E2%80%93-technieker-elektromechanisch-elektrisch-studentjob-be-at-jobster-4436556511,Vacaturetekst - Kort – Technieker (Elektromechanisch / Elektrisch) - Studentjob.be,,scraped,2026-07-08T13:52:21.059973,
4c94d33d4db571e3,https://td.linkedin.com/jobs/view/junior-sales-representative-maritiem-studentjob-be-at-jobster-4437038502,Junior Sales Representative Maritiem - Studentjob.be,,scraped,2026-07-08T13:52:28.064275,
baf9ae33cc0c973d,https://td.linkedin.com/jobs/view/quality-support-officer-studentjob-be-at-jobster-4437046285,Quality support officer - Studentjob.be,,scraped,2026-07-08T13:52:34.881151,
3462fec33a339500,https://td.linkedin.com/jobs/view/verkoper-studentjob-be-at-jobster-4437039465,Verkoper - Studentjob.be,,scraped,2026-07-08T13:52:41.611064,
b9df8ae4e8b004ea,https://td.linkedin.com/jobs/view/orderpicker-late-voormiddag-studentjob-be-at-jobster-4437047241,Orderpicker - Late Voormiddag - Studentjob.be,,scraped,2026-07-08T13:52:48.888939,
80d00f0a7307be55,https://td.linkedin.com/jobs/view/orderpicker-late-voormiddag-studentjob-be-at-jobster-4437044376,Orderpicker - Late Voormiddag - Studentjob.be,,scraped,2026-07-08T13:52:55.773871,
c6c46787d5c2b596,https://td.linkedin.com/jobs/view/vacature-intern-projectingenieur-studentjob-be-at-jobster-4437030696,Vacature - Intern projectingenieur - Studentjob.be,,scraped,2026-07-08T13:53:02.671500,
65cf54526f2a2898,https://td.linkedin.com/jobs/view/verkoper-zaterdag-studentjob-be-at-jobster-4437029841,Verkoper zaterdag - Studentjob.be,,scraped,2026-07-08T13:53:09.414263,
2c7bf07ad6e1e75c,https://td.linkedin.com/jobs/view/administratief-medewerker-financieel-junior-studentjob-be-at-jobster-4437040399,Administratief Medewerker Financieel (Junior) - Studentjob.be,,scraped,2026-07-08T13:53:16.169398,
e7c76180559ab2d1,https://td.linkedin.com/jobs/view/calculator-verkoper-studentjob-be-at-jobster-4437035410,Calculator-Verkoper - Studentjob.be,,scraped,2026-07-08T13:53:22.915060,
d19b9cf29a0babc5,https://td.linkedin.com/jobs/view/accountant-tot-3-dagen-thuiswerk-studentjob-be-at-jobster-4437039496,Accountant | Tot 3 Dagen Thuiswerk - Studentjob.be,,scraped,2026-07-08T13:53:30.366091,
9e4e416518cfa24e,https://td.linkedin.com/jobs/view/gekwalificeerd-kinderbegeleider-voor-en-of-naschoolse-opvang-in-herent-m-v-x-deeltijds-studentjob-be-at-jobster-4437029714,GEKWALIFICEERD KINDERBEGELEIDER VOOR- EN/OF NASCHOOLSE OPVANG IN HERENT (M/V/X) - deeltijds - Studentjob.be,,scraped,2026-07-08T13:53:37.075116,
5cb951845d78e282,https://td.linkedin.com/jobs/view/crossdock-teammember-logistieke-medewerker-vaste-nachtdienst-studentjob-be-at-jobster-4437048026,Crossdock TeamMember (logistieke medewerker) vaste nachtdienst - Studentjob.be,,scraped,2026-07-08T13:53:44.117344,
006e0cc359bfb505,https://td.linkedin.com/jobs/view/outbound-sales-medewerker-studentjob-be-at-jobster-4437040479,Outbound Sales Medewerker - Studentjob.be,,scraped,2026-07-08T13:53:52.920987,
84332833b9c9f4e3,https://td.linkedin.com/jobs/view/service-technieker-met-interne-opleiding-studentjob-be-at-jobster-4437043219,Service technieker met interne opleiding - Studentjob.be,,scraped,2026-07-08T13:54:00.130874,
3d3c8142c243a510,https://td.linkedin.com/jobs/view/medewerker-klantenservice-studentjob-be-at-jobster-4437045180,Medewerker Klantenservice - Studentjob.be,,scraped,2026-07-08T13:54:08.975878,
832712b6769233bd,https://td.linkedin.com/jobs/view/chauffeur-b-voltijds-of-deeltijds-studentjob-be-at-jobster-4437031729,Chauffeur B (Voltijds Of Deeltijds) - Studentjob.be,,scraped,2026-07-08T13:54:15.755053,
deb19134e3db9871,https://td.linkedin.com/jobs/view/allround-verkoopmedewerker-geen-ervaring-studentjob-be-at-jobster-4437046123,Allround Verkoopmedewerker - Geen Ervaring - Studentjob.be,,scraped,2026-07-08T13:54:22.484313,
5b3e2aa7f0b0bcc1,https://td.linkedin.com/jobs/view/allround-verkoopmedewerker-geen-ervaring-studentjob-be-at-jobster-4437035616,Allround Verkoopmedewerker - Geen Ervaring - Studentjob.be,,scraped,2026-07-08T13:54:29.235723,
60e4e076e5f14b50,https://td.linkedin.com/jobs/view/junior-accountant-elektrische-wagen-studentjob-be-at-jobster-4437037538,Junior Accountant - Elektrische Wagen - Studentjob.be,,scraped,2026-07-08T13:54:35.958041,
37507bd52d61f16b,https://td.linkedin.com/jobs/view/gl-accountant-internationale-logistieke-speler-regio-antwerpe-studentjob-be-at-jobster-4437043322,GL Accountant | Internationale Logistieke Speler | Regio Antwerpe - Studentjob.be,,scraped,2026-07-08T13:54:43.224802,
bfd3627c0168800e,https://td.linkedin.com/jobs/view/junior-assistent-boekhouder-deeltijds-studentjob-be-at-jobster-4437034657,Junior Assistent boekhouder - Deeltijds - Studentjob.be,,scraped,2026-07-08T13:54:49.905624,
be8652f42b0763e5,https://td.linkedin.com/jobs/view/chauffeur-allround-medewerker-feestverhuur-studentjob-be-at-jobster-4437044160,Chauffeur & Allround Medewerker Feestverhuur - Studentjob.be,,scraped,2026-07-08T13:54:56.572588,
533207d3d23eba38,https://td.linkedin.com/jobs/view/ploegverantwoordelijke-schoonmaak-te-mechelen-studentjob-be-at-jobster-4437024954,PLOEGVERANTWOORDELIJKE SCHOONMAAK te Mechelen - Studentjob.be,,scraped,2026-07-08T13:55:03.367684,
347744e17e05bb93,https://td.linkedin.com/jobs/view/een-sales-promotor-horeca-m-v-x-italiaanse-voeding-%E2%82%AC2-800-%E2%82%AC3-500-per-maand-studentjob-be-at-jobster-4437047052,Een Sales Promotor Horeca M/V/X Italiaanse Voeding - €2.800 - €3.500 Per Maand - Studentjob.be,,scraped,2026-07-08T13:55:10.507311,
a1f969e609e7515b,https://td.linkedin.com/jobs/view/junior-accountant-elektrische-wagen-studentjob-be-at-jobster-4437034552,Junior Accountant - Elektrische Wagen - Studentjob.be,,scraped,2026-07-08T13:55:17.338406,
6cafaa82497a4874,https://td.linkedin.com/jobs/view/winkelmedewerker-zuivelafdeling-schelle-studentjob-be-at-jobster-4437034670,Winkelmedewerker Zuivelafdeling | Schelle - Studentjob.be,,scraped,2026-07-08T13:55:24.147785,
ae28c22879d3301e,https://td.linkedin.com/jobs/view/winkelmedewerker-zuivelafdeling-schelle-studentjob-be-at-jobster-4437049187,Winkelmedewerker Zuivelafdeling | Schelle - Studentjob.be,,scraped,2026-07-08T13:55:30.998576,
d438fe45bcb2ef80,https://td.linkedin.com/jobs/view/shop-een-job-in-de-verkoop-verkoper-verkoopster-studentjob-be-at-jobster-4437040514,Shop een Job in de Verkoop: Verkoper / verkoopster - Studentjob.be,,scraped,2026-07-08T13:55:41.769423,
1eea17df196ff750,https://td.linkedin.com/jobs/view/verkoopmedewerker-studentjob-be-at-jobster-4437040511,Verkoopmedewerker - Studentjob.be,,scraped,2026-07-08T13:55:48.681638,
4c0b8c60583406ed,https://td.linkedin.com/jobs/view/technisch-administratief-medewerker-studentjob-be-at-jobster-4437038435,TECHNISCH-ADMINISTRATIEF MEDEWERKER - Studentjob.be,,scraped,2026-07-08T13:55:55.470194,
cd960a8af304a283,https://td.linkedin.com/jobs/view/technisch-administratief-medewerker-studentjob-be-at-jobster-4437040393,TECHNISCH-ADMINISTRATIEF MEDEWERKER - Studentjob.be,,scraped,2026-07-08T13:56:02.127824,
dd06b3f4bd1eec94,https://td.linkedin.com/jobs/view/productiemedewerker-netten-koekelare-dag-studentjob-be-at-jobster-4437049183,Productiemedewerker netten | Koekelare | dag - Studentjob.be,,scraped,2026-07-08T13:56:08.821101,
41bd2e956d9c79f2,https://td.linkedin.com/jobs/view/winkelmedewerker-action-waarschoot-studentjob-be-at-jobster-4437025931,Winkelmedewerker ACTION Waarschoot - Studentjob.be,,scraped,2026-07-08T13:56:15.583535,
141bc962b2ec0ff8,https://td.linkedin.com/jobs/view/winkelmedewerker-action-waarschoot-studentjob-be-at-jobster-4437044278,Winkelmedewerker ACTION Waarschoot - Studentjob.be,,scraped,2026-07-08T13:56:22.639979,
d3dd23fc637adb5c,https://td.linkedin.com/jobs/view/communicatiemedewerker-studentjob-be-at-jobster-4437027899,Communicatiemedewerker - Studentjob.be,,scraped,2026-07-08T13:56:29.388281,
a749063736576b12,https://td.linkedin.com/jobs/view/verkoopmedewerker-bakkerij-voltijds-studentjob-be-at-jobster-4437030668,Verkoopmedewerker | Bakkerij | Voltijds - Studentjob.be,,scraped,2026-07-08T13:56:36.153355,
8edb3638233a648d,https://td.linkedin.com/jobs/view/verkoopmedewerker-bakkerij-voltijds-studentjob-be-at-jobster-4437037329,Verkoopmedewerker | Bakkerij | Voltijds - Studentjob.be,,scraped,2026-07-08T13:56:43.058366,
0e6c6d463cf94698,https://td.linkedin.com/jobs/view/verkoopmedewerker-detailhandel-m-v-studentjob-be-at-jobster-4437038524,Verkoopmedewerker detailhandel (m/v) - Studentjob.be,,scraped,2026-07-08T13:56:50.059456,
242339cd8bf7944e,https://td.linkedin.com/jobs/view/jobstudent-administratief-en-boekhoudkundig-medewerker-studentjob-be-at-jobster-4437030708,Jobstudent Administratief en Boekhoudkundig Medewerker - Studentjob.be,,scraped,2026-07-08T13:56:56.822866,
04361c0454cf5e15,https://td.linkedin.com/jobs/view/creatieve-marketing-medewerker-studentjob-be-at-jobster-4437042239,Creatieve Marketing Medewerker - Studentjob.be,,scraped,2026-07-08T13:57:03.594109,
fc82bef3ef4807eb,https://td.linkedin.com/jobs/view/chauffeur-meubelbezorger-studentjob-be-at-jobster-4437027815,Chauffeur / Meubelbezorger - Studentjob.be,,scraped,2026-07-08T13:57:14.486016,
8e66dc3bf52d3011,https://td.linkedin.com/jobs/view/chauffeur-meubelbezorger-studentjob-be-at-jobster-4437036405,Chauffeur / Meubelbezorger - Studentjob.be,,scraped,2026-07-08T13:57:21.266870,
3e49507550137700,https://td.linkedin.com/jobs/view/chauffeur-meubelbezorger-studentjob-be-at-jobster-4437042129,Chauffeur / Meubelbezorger - Studentjob.be,,scraped,2026-07-08T13:57:28.209908,
e0e6ab28108fc434,https://td.linkedin.com/jobs/view/winkelmedewerker-beenhouwerij-traiteur-studentjob-be-at-jobster-4437029884,Winkelmedewerker Beenhouwerij & Traiteur - Studentjob.be,,scraped,2026-07-08T13:57:35.446752,
1219f2fcd7af170e,https://td.linkedin.com/jobs/view/winkelmedewerker-action-holsbeek-studentjob-be-at-jobster-4437047240,Winkelmedewerker ACTION Holsbeek - Studentjob.be,,scraped,2026-07-08T13:57:42.239829,
0a5ff98fc9ea0eb7,https://td.linkedin.com/jobs/view/administratief-medewerker-studentjob-be-at-jobster-4437045281,Administratief medewerker - Studentjob.be,,scraped,2026-07-08T13:57:49.160154,
014942aa4e4f2673,https://td.linkedin.com/jobs/view/hulpkok-chinese-keuken-studentjob-be-at-jobster-4437040319,Hulpkok Chinese keuken - Studentjob.be,,scraped,2026-07-08T13:57:56.065249,
cb2d94e369feda69,https://td.linkedin.com/jobs/view/logistiek-medewerker-in-de-zorg-studentjob-be-at-jobster-4437042357,Logistiek medewerker in de zorg - Studentjob.be,,scraped,2026-07-08T13:58:03.134329,
7c2382118c69fbbc,https://td.linkedin.com/jobs/view/accountant-intern-studentjob-be-at-jobster-4437046293,Accountant | Intern - Studentjob.be,,scraped,2026-07-08T13:58:09.918725,
7076a0e2034fb00b,https://td.linkedin.com/jobs/view/customer-service-fleet-mechelen-studentjob-be-at-jobster-4437026948,Customer service | fleet | Mechelen - Studentjob.be,,scraped,2026-07-08T13:58:16.673967,
4c44c44482132173,https://td.linkedin.com/jobs/view/winkelmedewerker-action-mariakerke-studentjob-be-at-jobster-4437034616,Winkelmedewerker ACTION Mariakerke - Studentjob.be,,scraped,2026-07-08T13:58:23.416404,
12ae71b515bf5ec9,https://td.linkedin.com/jobs/view/hulpkok-chinese-keuken-studentjob-be-at-jobster-4437032623,Hulpkok Chinese Keuken - Studentjob.be,,scraped,2026-07-08T13:58:30.350940,
252bd52c45da3352,https://td.linkedin.com/jobs/view/technicien-support-informatique-r%C3%A9seaux-h-f-studentjob-be-at-jobster-4437050022,Technicien Support Informatique & Réseaux (H/F) - Studentjob.be,,scraped,2026-07-08T13:58:37.273776,
591b47148c4f9e6e,https://td.linkedin.com/jobs/view/flexi-winkelmedewerker-drankencentrale-volle-dagen-studentjob-be-at-jobster-4437043376,Flexi winkelmedewerker | drankencentrale | volle dagen - Studentjob.be,,scraped,2026-07-08T13:58:46.303807,
97406e6ac173e7d1,https://td.linkedin.com/jobs/view/verkoopmedewerker-sales-studentjob-be-at-jobster-4437028762,Verkoopmedewerker Sales - Studentjob.be,,scraped,2026-07-08T13:58:53.140146,
800ecf554f7d3844,https://td.linkedin.com/jobs/view/verkoopmedewerker-retail-studentjob-be-at-jobster-4437039512,Verkoopmedewerker retail - Studentjob.be,,scraped,2026-07-08T13:58:59.992265,
37a66a1a4e12c83f,https://td.linkedin.com/jobs/view/winkelbediende-deeltijds-vast-contract-studentjob-be-at-jobster-4437039488,Winkelbediende| Deeltijds| Vast Contract - Studentjob.be,,scraped,2026-07-08T13:59:06.876239,
1727a8c91aa88ce6,https://td.linkedin.com/jobs/view/logistiek-medewerker-regio-gent-studentjob-be-at-jobster-4437036662,Logistiek Medewerker (Regio Gent) - Studentjob.be,,scraped,2026-07-08T13:59:14.067144,
b3206bf8717d855f,https://td.linkedin.com/jobs/view/chef-de-partie-voltijds-koksijde-studentjob-be-at-jobster-4437029827,Chef de Partie | Voltijds | Koksijde - Studentjob.be,,scraped,2026-07-08T13:59:20.933331,
be69b7980b1834a8,https://td.linkedin.com/jobs/view/chef-de-partie-voltijds-koksijde-studentjob-be-at-jobster-4437051018,Chef de Partie | Voltijds | Koksijde - Studentjob.be,,scraped,2026-07-08T13:59:27.678401,
269b759364fe3502,https://td.linkedin.com/jobs/view/winkelmedewerker-action-maldegem-studentjob-be-at-jobster-4437036474,Winkelmedewerker Action Maldegem - Studentjob.be,,scraped,2026-07-08T13:59:34.341748,
4004d21a05a100db,https://td.linkedin.com/jobs/view/winkelmedewerker-erpe-mere-studentjob-be-at-jobster-4436573541,Winkelmedewerker Erpe-Mere - Studentjob.be,,scraped,2026-07-08T13:59:41.122953,
21681213a961723e,https://td.linkedin.com/jobs/view/winkelmedewerker-erpe-mere-studentjob-be-at-jobster-4436572566,Winkelmedewerker Erpe-Mere - Studentjob.be,,scraped,2026-07-08T13:59:47.995887,
6f8c6498e8fe6151,https://td.linkedin.com/jobs/view/junior-voorraadbeheerder-studentjob-be-at-jobster-4437037459,Junior Voorraadbeheerder - Studentjob.be,,scraped,2026-07-08T13:59:55.105431,
58fdfeb7cc30303f,https://td.linkedin.com/jobs/view/logistiek-medewerker-nederlands-studentjob-be-at-jobster-4437047195,Logistiek medewerker (Nederlands) - Studentjob.be,,scraped,2026-07-08T14:00:05.246597,
be781e890876a6f5,https://td.linkedin.com/jobs/view/magazijnmedewerker-m-v-x-studentjob-be-at-jobster-4437033631,Magazijnmedewerker m/v/x - Studentjob.be,,scraped,2026-07-08T14:00:12.023338,
ebccc2b3e71e5120,https://td.linkedin.com/jobs/view/verkoopmedewerker-sanitair-en-elektriciteit-schilde-studentjob-be-at-jobster-4437046282,Verkoopmedewerker | sanitair en elektriciteit | Schilde - Studentjob.be,,scraped,2026-07-08T14:00:18.851811,
37a53c40abce7c25,https://td.linkedin.com/jobs/view/calculator-verkoper-studentjob-be-at-jobster-4437038361,Calculator-Verkoper - Studentjob.be,,scraped,2026-07-08T14:00:25.895311,
77bcb5dcfd59f194,https://td.linkedin.com/jobs/view/koerier-rijbewijs-b-studentjob-be-at-jobster-4437027773,Koerier rijbewijs B - Studentjob.be,,scraped,2026-07-08T14:00:32.662453,
90b28db496428c84,https://td.linkedin.com/jobs/view/hbo-stage-projectmanagement-studentjob-be-at-jobster-4437033692,HBO Stage Projectmanagement - Studentjob.be,,scraped,2026-07-08T14:00:39.437419,
